订单编号,订单日期,供应商,产品类别,产品名称,数量,单价,总金额,区域,采购员,订单状态
PO-2025-00001,2025-02-22,重庆办公用品,办公用品,A4纸,22,137.63,3027.86,华南,刘强,已完成
PO-2025-00002,2025-02-17,重庆办公用品,办公用品,订书机,466,102.44,47737.04,西南,赵磊,已完成
PO-2025-00003,2025-12-26,苏州新材料科技,原材料,铝材,268,128.51,34440.68,西南,刘强,处理中
PO-2025-00004,2025-03-23,杭州精密五金,机械零件,联轴器,122,100.0,12200.0,华中,张明,处理中
PO-2025-00005,2025-07-14,西安包装材料,包装材料,标签纸,184,52.08,9582.72,华南,杨洋,已完成
PO-2025-00006,2025-10-02,深圳精密机械制造,机械零件,螺栓,443,79.28,35121.04,华中,张明,处理中
PO-2025-00007,2025-12-27,深圳精密机械制造,机械零件,联轴器,50,123.91,6195.5,东北,杨洋,已完成
PO-2025-00008,2025-02-21,深圳精密机械制造,机械零件,轴承,348,54.38,18924.24,华中,李华,待审批
PO-2025-00009,2025-04-18,武汉工具设备,工具耗材,电钻头,242,128.96,31208.32,华中,王芳,已完成
PO-2025-00010,2025-03-29,重庆办公用品,办公用品,墨盒,369,172.64,63704.16,西北,李华,已完成
PO-2025-00011,2025-11-24,杭州精密五金,机械零件,弹簧,135,39.81,5374.35,华北,陈静,已取消
PO-2025-00012,2025-01-17,西安包装材料,包装材料,封箱胶带,122,121.88,14869.36,东北,张明,已完成
PO-2025-00013,2025-09-13,广州包装制品,包装材料,标签纸,147,15.22,2237.34,西南,杨洋,已完成
PO-2025-00014,2025-10-03,武汉工具设备,工具耗材,切割片,244,32.86,8017.84,华南,刘强,处理中
PO-2025-00015,2025-03-12,北京信达办公,办公用品,订书机,309,79.69,24624.21,西南,赵磊,已完成
PO-2025-00016,2025-03-23,杭州精密五金,机械零件,联轴器,56,164.57,9215.92,东北,李华,已完成
PO-2025-00017,2025-10-11,重庆办公用品,办公用品,笔,315,16.0,5040.0,华北,周婷,已完成
PO-2025-00018,2025-06-24,长沙恒达电子科技,电子元器件,连接器,379,27.34,10361.86,西南,陈静,处理中
PO-2025-00019,2025-04-02,深圳精密机械制造,机械零件,螺栓,232,39.42,9145.44,华东,陈静,已取消
PO-2025-00020,2025-03-24,杭州精密五金,机械零件,轴承,455,137.09,62375.95,东北,刘强,已完成
PO-2025-00021,2025-07-05,杭州精密五金,机械零件,导轨,480,5.52,2649.6,华中,周婷,已完成
PO-2025-00022,2025-09-06,北京信达办公,办公用品,文件夹,39,46.77,1824.03,西南,李华,已完成
PO-2025-00023,2025-03-26,深圳精密机械制造,机械零件,导轨,402,32.48,13056.96,西北,周婷,待审批
PO-2025-00024,2025-07-24,北京信达办公,办公用品,笔记本,456,110.96,50597.76,华南,刘强,处理中
PO-2025-00025,2025-04-26,重庆办公用品,办公用品,订书机,201,83.2,16723.2,西南,周婷,已完成
PO-2025-00026,2025-12-29,深圳精密机械制造,机械零件,螺栓,20,131.69,2633.8,华南,刘强,已完成
PO-2025-00027,2025-05-02,重庆办公用品,办公用品,A4纸,127,16.69,2119.63,华东,杨洋,已完成
PO-2025-00028,2025-08-31,北京信达办公,办公用品,订书机,258,42.1,10861.8,华南,周婷,已完成
PO-2025-00029,2025-08-28,武汉工具设备,工具耗材,螺丝刀,58,23.9,1386.2,华北,杨洋,已完成
PO-2025-00030,2025-06-23,西安包装材料,包装材料,纸箱,354,116.53,41251.62,西北,李华,已完成
PO-2025-00031,2025-05-23,深圳精密机械制造,机械零件,齿轮,108,46.3,5000.4,华北,王芳,已完成
PO-2025-00032,2025-10-04,成都电气元件,电子元器件,电容器,457,212.79,97245.03,华北,李华,已完成
PO-2025-00033,2025-09-04,长沙恒达电子科技,电子元器件,电阻器,484,151.95,73543.8,华南,王芳,已完成
PO-2025-00034,2025-05-16,苏州新材料科技,原材料,塑料颗粒,472,17.26,8146.72,华北,张明,已取消
PO-2025-00035,2025-06-01,成都电气元件,电子元器件,集成电路,226,161.96,36602.96,西北,周婷,已完成
PO-2025-00036,2025-10-27,苏州新材料科技,原材料,钢材,306,155.89,47702.34,华东,杨洋,已完成
PO-2025-00037,2025-02-11,成都电气元件,电子元器件,继电器,480,196.97,94545.6,华南,张明,已取消
PO-2025-00038,2025-10-19,上海自动化设备,电子元器件,电阻器,314,17.34,5444.76,东北,刘强,已完成
PO-2025-00039,2025-10-17,苏州新材料科技,原材料,橡胶,314,13.39,4204.46,华东,赵磊,已完成
PO-2025-00040,2025-07-22,杭州精密五金,机械零件,螺栓,488,60.32,29436.16,西北,杨洋,已完成
PO-2025-00041,2025-11-15,上海自动化设备,电子元器件,连接器,340,60.32,20508.8,华中,李华,已完成
PO-2025-00042,2025-06-28,南京化工材料,原材料,钢材,47,123.02,5781.94,,陈静,已完成
PO-2025-00043,2025-12-01,深圳精密机械制造,机械零件,齿轮,199,66.63,13259.37,华北,陈静,已完成
PO-2025-00044,2025-03-10,杭州精密五金,机械零件,轴承,351,177.48,62295.48,华中,李华,待审批
PO-2025-00045,2025-11-06,北京信达办公,办公用品,A4纸,465,23.28,10825.2,西南,王芳,已完成
PO-2025-00046,2025-05-09,苏州新材料科技,原材料,硅胶,185,46.94,8683.9,西北,陈静,已完成
PO-2025-00047,2025-03-08,长沙恒达电子科技,电子元器件,电阻器,334,87.6,29258.4,华中,张明,已完成
PO-2025-00048,2025-02-27,重庆办公用品,办公用品,墨盒,92,137.58,12657.36,西南,赵磊,已完成
PO-2025-00049,2025-03-17,深圳精密机械制造,机械零件,弹簧,472,37.47,17685.84,华东,杨洋,已完成
PO-2025-00050,2025-04-18,武汉工具设备,工具耗材,螺丝刀,31,65.11,2018.41,东北,张明,待审批
PO-2025-00051,2025-03-21,重庆办公用品,办公用品,文件夹,351,23.04,8087.04,东北,赵磊,已取消
PO-2025-00052,2025-06-20,苏州新材料科技,原材料,铝材,419,171.26,71757.94,华北,张明,已完成
PO-2025-00053,2025-12-26,武汉工具设备,工具耗材,切割片,452,148.34,67049.68,华南,陈静,已完成
PO-2025-00054,2025-08-24,深圳精密机械制造,机械零件,联轴器,456,13.81,6297.36,华北,刘强,已完成
PO-2025-00055,2025-04-09,广州包装制品,包装材料,缠绕膜,430,136.08,58514.4,华南,刘强,已完成
PO-2025-00056,2025-09-18,武汉工具设备,工具耗材,电钻头,152,173.55,26379.6,东北,陈静,已完成
PO-2025-00057,2025-05-14,武汉工具设备,工具耗材,切割片,441,109.56,48315.96,华东,李华,待审批
PO-2025-00058,2025-06-10,上海自动化设备,电子元器件,继电器,145,11.84,1716.8,西南,赵磊,已完成
PO-2025-00059,2025-12-29,武汉工具设备,工具耗材,测量尺,271,27.55,7466.05,西南,刘强,已完成
PO-2025-00060,2025-02-05,武汉工具设备,工具耗材,扳手,276,185.49,51195.24,西南,刘强,已完成
PO-2025-00061,2025-06-03,重庆办公用品,办公用品,墨盒,329,60.92,20042.68,东北,李华,处理中
PO-2025-00062,2025-04-09,杭州精密五金,机械零件,螺栓,351,91.41,32084.91,华北,陈静,已完成
PO-2025-00063,2025-06-04,武汉工具设备,工具耗材,切割片,491,78.93,38754.63,西北,王芳,已完成
PO-2025-00064,2025-10-24,武汉工具设备,工具耗材,测量尺,436,5.08,2214.88,华中,刘强,已完成
PO-2025-00065,2025-03-28,南京化工材料,原材料,硅胶,174,107.15,18644.1,华北,刘强,已完成
PO-2025-00066,2025-05-01,重庆办公用品,办公用品,A4纸,155,97.07,15045.85,西北,杨洋,已完成
PO-2025-00067,2025-09-01,重庆办公用品,办公用品,墨盒,125,149.3,18662.5,华南,张明,已完成
PO-2025-00068,2025-07-16,南京化工材料,原材料,钢材,243,96.11,23354.73,西北,刘强,处理中
PO-2025-00069,2025-02-24,成都电气元件,电子元器件,传感器,134,38.84,5204.56,西北,张明,待审批
PO-2025-00070,2025-05-08,武汉工具设备,工具耗材,螺丝刀,100,161.8,16180.0,西北,周婷,已完成
PO-2025-00071,2025-08-15,深圳精密机械制造,机械零件,联轴器,78,177.4,13837.2,西北,杨洋,已取消
PO-2025-00072,2025-09-01,南京化工材料,原材料,硅胶,466,115.84,53981.44,东北,周婷,待审批
PO-2025-00073,2025-09-24,成都电气元件,电子元器件,集成电路,394,61.19,24108.86,西北,陈静,处理中
PO-2025-00074,2025-06-21,成都电气元件,电子元器件,连接器,132,67.33,8887.56,华东,陈静,已完成
PO-2025-00075,2025-12-28,广州包装制品,包装材料,封箱胶带,51,27.19,1386.69,华南,赵磊,已完成
PO-2025-00076,2025-04-16,苏州新材料科技,原材料,钢材,222,88.71,19693.62,西南,周婷,已完成
PO-2025-00077,2025-10-22,武汉工具设备,工具耗材,焊锡丝,473,155.11,73367.03,西北,张明,待审批
PO-2025-00078,2025-08-03,武汉工具设备,工具耗材,焊锡丝,13,188.83,2454.79,华中,赵磊,待审批
PO-2025-00079,2025-05-20,杭州精密五金,机械零件,弹簧,386,120.42,46482.12,西南,刘强,已完成
PO-2025-00080,2025-08-28,武汉工具设备,工具耗材,焊锡丝,24,80.83,1939.92,西北,赵磊,处理中
PO-2025-00081,2025-08-08,上海自动化设备,电子元器件,继电器,283,9.75,2759.25,华北,张明,已完成
PO-2025-00082,2025-06-17,上海自动化设备,电子元器件,传感器,103,14.07,1449.21,华北,杨洋,已完成
PO-2025-00083,2025-02-11,广州包装制品,包装材料,标签纸,152,128.9,19592.8,东北,赵磊,已完成
PO-2025-00084,2025-11-30,成都电气元件,电子元器件,电阻器,393,126.71,49797.03,华中,刘强,已完成
PO-2025-00085,2025-05-03,长沙恒达电子科技,电子元器件,电阻器,496,53.22,26397.12,,张明,已完成
PO-2025-00086,2025-07-08,上海自动化设备,电子元器件,传感器,352,25.94,9130.88,华南,周婷,已完成
PO-2025-00087,2025-03-25,上海自动化设备,电子元器件,继电器,320,183.28,58649.6,西北,李华,处理中
PO-2025-00088,2025-04-12,北京信达办公,办公用品,A4纸,306,9.01,2757.06,华中,赵磊,已完成
PO-2025-00089,2025-06-04,深圳精密机械制造,机械零件,导轨,363,183.66,66668.58,华南,李华,已完成
PO-2025-00090,2025-08-08,重庆办公用品,办公用品,笔记本,422,26.32,11107.04,西南,张明,已完成
PO-2025-00091,2025-09-08,重庆办公用品,办公用品,墨盒,45,95.37,4291.65,华中,张明,处理中
PO-2025-00092,2025-08-11,深圳精密机械制造,机械零件,联轴器,195,141.83,27656.85,东北,周婷,处理中
PO-2025-00093,2025-10-31,上海自动化设备,电子元器件,连接器,277,183.6,50857.2,华中,周婷,已完成
PO-2025-00094,2025-05-05,北京信达办公,办公用品,墨盒,446,47.58,21220.68,华东,陈静,待审批
PO-2025-00095,2025-06-16,成都电气元件,电子元器件,继电器,322,155.59,50099.98,华中,张明,已完成
PO-2025-00096,2025-11-02,上海自动化设备,电子元器件,传感器,118,70.48,8316.64,华中,杨洋,已完成
PO-2025-00097,2025-07-28,西安包装材料,包装材料,缠绕膜,294,6.14,1805.16,华南,李华,已完成
PO-2025-00098,2025-01-09,成都电气元件,电子元器件,继电器,398,59.64,23736.72,华北,周婷,已完成
PO-2025-00099,2025-07-08,深圳精密机械制造,机械零件,螺栓,123,92.24,11345.52,华南,陈静,已完成
PO-2025-00100,2025-08-21,成都电气元件,电子元器件,继电器,281,82.84,23278.04,西北,杨洋,已完成
PO-2025-00101,2025-10-02,北京信达办公,办公用品,墨盒,138,44.96,6204.48,西北,刘强,已完成
PO-2025-00102,2025-09-26,西安包装材料,包装材料,泡沫,108,41.53,4485.24,华北,陈静,处理中
PO-2025-00103,2025-06-04,南京化工材料,原材料,铜线,61,187.45,11434.45,华中,刘强,已完成
PO-2025-00104,2025-12-24,长沙恒达电子科技,电子元器件,连接器,283,29.68,8399.44,华东,张明,已完成
PO-2025-00105,2025-08-29,上海自动化设备,电子元器件,连接器,454,144.2,65466.8,华东,张明,已完成
PO-2025-00106,2025-09-02,成都电气元件,电子元器件,传感器,184,47.09,8664.56,华东,陈静,待审批
PO-2025-00107,2025-10-16,深圳精密机械制造,机械零件,轴承,215,110.98,23860.7,西南,张明,已完成
PO-2025-00108,2025-11-13,北京信达办公,办公用品,A4纸,137,25.29,3464.73,东北,赵磊,已完成
PO-2025-00109,2025-08-08,苏州新材料科技,原材料,橡胶,204,97.49,19887.96,华北,陈静,待审批
PO-2025-00110,2025-04-17,北京信达办公,办公用品,笔记本,327,15.07,4927.89,西北,李华,待审批
PO-2025-00111,2025-02-08,重庆办公用品,办公用品,文件夹,145,123.08,17846.6,华南,刘强,已完成
PO-2025-00112,2025-04-29,上海自动化设备,电子元器件,电阻器,219,88.21,19317.99,西南,周婷,已完成
PO-2025-00113,2025-05-16,北京信达办公,办公用品,订书机,154,127.87,19691.98,华北,李华,已完成
PO-2025-00114,2025-04-26,重庆办公用品,办公用品,笔记本,348,148.82,51789.36,华南,赵磊,已完成
PO-2025-00115,2025-06-07,重庆办公用品,办公用品,文件夹,475,52.25,24818.75,华南,李华,已完成
PO-2025-00116,2025-12-19,南京化工材料,原材料,硅胶,432,129.91,56121.12,华中,周婷,已完成
PO-2025-00117,2025-11-03,北京信达办公,办公用品,订书机,216,169.94,36707.04,西南,周婷,已完成
PO-2025-00118,2025-12-12,长沙恒达电子科技,电子元器件,传感器,386,67.85,26190.1,华中,张明,已完成
PO-2025-00119,2025-03-31,南京化工材料,原材料,橡胶,-496,10.13,5024.48,东北,陈静,已完成
PO-2025-00120,2025-08-12,成都电气元件,电子元器件,继电器,343,104.92,35987.56,华中,王芳,已取消
PO-2025-00121,2025-02-23,重庆办公用品,办公用品,笔,56,88.92,4979.52,华北,杨洋,已完成
PO-2025-00122,2025-10-09,上海自动化设备,电子元器件,集成电路,220,133.25,29315.0,华中,赵磊,处理中
PO-2025-00123,2025-07-26,长沙恒达电子科技,电子元器件,传感器,55,66.33,3648.15,华中,李华,已取消
PO-2025-00124,2025-09-23,杭州精密五金,机械零件,轴承,346,188.49,65217.54,华北,赵磊,已完成
PO-2025-00125,2025-10-09,广州包装制品,包装材料,封箱胶带,397,86.88,34491.36,华北,张明,已完成
PO-2025-00126,2025-11-19,上海自动化设备,电子元器件,集成电路,234,167.93,39295.62,华北,李华,已完成
PO-2025-00127,2025-02-17,南京化工材料,原材料,铝材,373,40.19,14990.87,西南,张明,已完成
PO-2025-00128,2025-05-30,苏州新材料科技,原材料,钢材,246,199.16,48993.36,西北,王芳,已完成
PO-2025-00129,2025-10-10,杭州精密五金,机械零件,弹簧,149,92.9,13842.1,华北,周婷,已完成
PO-2025-00130,2025-05-22,上海自动化设备,电子元器件,传感器,107,175.53,18781.71,西南,王芳,待审批
PO-2025-00131,2025-06-02,武汉工具设备,工具耗材,电钻头,488,158.6,77396.8,华中,张明,已完成
PO-2025-00132,2025-06-26,南京化工材料,原材料,橡胶,347,112.54,39051.38,华南,周婷,已完成
PO-2025-00133,2025-12-24,广州包装制品,包装材料,封箱胶带,400,94.32,37728.0,华北,杨洋,待审批
PO-2025-00134,2025-08-31,苏州新材料科技,原材料,橡胶,206,53.07,10932.42,东北,赵磊,已完成
PO-2025-00135,2025-01-19,西安包装材料,包装材料,标签纸,207,174.01,36020.07,东北,王芳,已完成
PO-2025-00136,2025-08-22,上海自动化设备,电子元器件,继电器,312,66.25,20670.0,华东,周婷,已完成
PO-2025-00137,2025-05-16,长沙恒达电子科技,电子元器件,连接器,83,84.95,7050.85,西北,王芳,已完成
PO-2025-00138,2025-10-01,广州包装制品,包装材料,封箱胶带,364,70.13,25527.32,华东,杨洋,待审批
PO-2025-00139,2025-01-19,武汉工具设备,工具耗材,电钻头,330,145.15,47899.5,东北,周婷,待审批
PO-2025-00140,2025-08-11,南京化工材料,原材料,钢材,130,143.45,18648.5,华中,刘强,处理中
PO-2025-00141,2025-01-15,深圳精密机械制造,机械零件,弹簧,370,192.67,71287.9,华北,王芳,已完成
PO-2025-00142,2025-05-06,长沙恒达电子科技,电子元器件,集成电路,417,15.94,6646.98,华中,杨洋,已完成
PO-2025-00143,2025-11-09,杭州精密五金,机械零件,联轴器,299,148.99,44548.01,华南,王芳,已完成
PO-2025-00144,2025-11-23,武汉工具设备,工具耗材,测量尺,359,51.96,18653.64,西南,王芳,已完成
PO-2025-00145,2025-12-13,北京信达办公,办公用品,笔,140,121.53,17014.2,东北,周婷,待审批
PO-2025-00146,2025-08-06,杭州精密五金,机械零件,齿轮,47,98.43,4626.21,华中,陈静,已完成
PO-2025-00147,2025-02-24,西安包装材料,包装材料,缠绕膜,243,149.45,36316.35,华南,赵磊,待审批
PO-2025-00148,2025-12-04,苏州新材料科技,原材料,塑料颗粒,302,78.75,23782.5,华中,陈静,已完成
PO-2025-00149,2025-09-12,武汉工具设备,工具耗材,电钻头,14,115.36,1615.04,西北,张明,待审批
PO-2025-00150,2025-12-14,北京信达办公,办公用品,文件夹,320,145.24,46476.8,华南,刘强,已完成
PO-2025-00151,2025-11-27,西安包装材料,包装材料,珍珠棉,358,148.26,53077.08,西北,李华,待审批
PO-2025-00152,2025-02-16,长沙恒达电子科技,电子元器件,集成电路,413,90.96,37566.48,西南,杨洋,处理中
PO-2025-00153,2025-07-07,北京信达办公,办公用品,墨盒,392,77.42,30348.64,华南,王芳,处理中
PO-2025-00154,2025-09-04,杭州精密五金,机械零件,导轨,477,62.79,29950.83,华南,陈静,待审批
PO-2025-00155,2025-03-14,北京信达办公,办公用品,订书机,455,63.94,29092.7,华东,周婷,已取消
PO-2025-00156,2025-07-22,苏州新材料科技,原材料,硅胶,380,143.33,54465.4,华北,杨洋,已完成
PO-2025-00157,2025-11-23,长沙恒达电子科技,电子元器件,集成电路,284,29.1,8264.4,华中,陈静,已完成
PO-2025-00158,2025-04-24,广州包装制品,包装材料,纸箱,355,43.01,15268.55,华东,杨洋,待审批
PO-2025-00159,2025-03-01,重庆办公用品,办公用品,A4纸,335,152.4,51054.0,西北,陈静,已完成
PO-2025-00160,2025-10-03,上海自动化设备,电子元器件,电阻器,494,11.64,5750.16,华北,李华,已完成
PO-2025-00161,2025-03-21,上海自动化设备,电子元器件,传感器,242,73.48,17782.16,西北,赵磊,已完成
PO-2025-00162,2025-05-24,武汉工具设备,工具耗材,切割片,60,167.57,10054.2,西南,赵磊,待审批
PO-2025-00163,2025-02-20,长沙恒达电子科技,电子元器件,连接器,199,47.37,9426.63,华北,刘强,待审批
PO-2025-00164,2025-05-22,重庆办公用品,办公用品,墨盒,288,166.36,47911.68,西北,杨洋,已完成
PO-2025-00165,2025-11-25,苏州新材料科技,原材料,钢材,495,178.88,88545.6,华北,李华,已完成
PO-2025-00166,2025-10-17,重庆办公用品,办公用品,笔记本,20,13.67,273.4,华中,刘强,已取消
PO-2025-00167,2025-04-30,苏州新材料科技,原材料,钢材,434,161.92,70273.28,华南,刘强,处理中
PO-2025-00168,2025-03-16,广州包装制品,包装材料,泡沫,413,153.51,63399.63,华东,陈静,待审批
PO-2025-00169,2025-07-03,上海自动化设备,电子元器件,继电器,138,152.67,21068.46,华东,张明,已完成
PO-2025-00170,2025-08-04,苏州新材料科技,原材料,橡胶,175,8.48,1484.0,华中,张明,已完成
PO-2025-00171,2025-02-25,杭州精密五金,机械零件,轴承,391,18.79,7346.89,华北,杨洋,已完成
PO-2025-00172,2025-01-16,成都电气元件,电子元器件,继电器,123,217.76,26784.48,华东,陈静,已完成
PO-2025-00173,2025-08-16,长沙恒达电子科技,电子元器件,传感器,443,83.32,36910.76,西北,李华,已完成
PO-2025-00174,2025-11-21,深圳精密机械制造,机械零件,轴承,174,135.98,23660.52,华东,王芳,已完成
PO-2025-00175,2025-11-06,南京化工材料,原材料,橡胶,374,76.62,28655.88,西南,陈静,已完成
PO-2025-00176,2025-04-27,武汉工具设备,工具耗材,扳手,416,141.85,59009.6,东北,刘强,已完成
PO-2025-00177,2025-06-10,武汉工具设备,工具耗材,电钻头,433,93.43,40455.19,华北,李华,已完成
PO-2025-00178,2025-02-13,重庆办公用品,办公用品,墨盒,201,175.67,35309.67,西北,周婷,已完成
PO-2025-00179,2025-10-28,深圳精密机械制造,机械零件,联轴器,59,165.21,9747.39,华中,王芳,已完成
PO-2025-00180,2025-08-05,杭州精密五金,机械零件,导轨,178,146.5,26077.0,华北,杨洋,待审批
PO-2025-00181,2025-04-19,西安包装材料,包装材料,纸箱,157,107.43,16866.51,华中,李华,已完成
PO-2025-00182,2025-07-08,上海自动化设备,电子元器件,连接器,256,46.29,11850.24,华东,杨洋,处理中
PO-2025-00183,2025-12-03,深圳精密机械制造,机械零件,螺栓,303,54.01,16365.03,华北,张明,已完成
PO-2025-00184,2025-06-29,西安包装材料,包装材料,缠绕膜,24,35.36,848.64,西北,陈静,待审批
PO-2025-00185,2025-11-21,长沙恒达电子科技,电子元器件,电容器,455,32.93,14983.15,西北,赵磊,已完成
PO-2025-00186,2025-03-22,长沙恒达电子科技,电子元器件,电阻器,392,108.44,42508.48,华北,赵磊,已完成
PO-2025-00187,2025-03-21,广州包装制品,包装材料,缠绕膜,379,58.02,21989.58,西南,李华,待审批
PO-2025-00188,2025-09-06,上海自动化设备,电子元器件,继电器,35,129.6,4536.0,华中,周婷,已完成
PO-2025-00189,2025-02-26,南京化工材料,原材料,塑料颗粒,222,65.26,14487.72,东北,李华,已完成
PO-2025-00190,2025-07-22,北京信达办公,办公用品,订书机,357,108.6,38770.2,西南,陈静,已完成
PO-2025-00191,2025-05-29,南京化工材料,原材料,钢材,13,50.25,653.25,华南,王芳,处理中
PO-2025-00192,2025-09-30,广州包装制品,包装材料,纸箱,13,86.69,1126.97,华北,王芳,已完成
PO-2025-00193,2025-01-22,西安包装材料,包装材料,泡沫,266,100.28,26674.48,西北,杨洋,已完成
PO-2025-00194,2025-10-21,武汉工具设备,工具耗材,扳手,245,184.63,45234.35,东北,杨洋,已完成
PO-2025-00195,2025-06-16,武汉工具设备,工具耗材,切割片,337,86.45,29133.65,华东,赵磊,已完成
PO-2025-00196,2025-02-24,上海自动化设备,电子元器件,继电器,245,158.88,38925.6,华中,李华,已完成
PO-2025-00197,2025-06-23,苏州新材料科技,原材料,塑料颗粒,311,87.24,27131.64,华东,赵磊,待审批
PO-2025-00198,2025-04-10,苏州新材料科技,原材料,铜线,408,39.68,16189.44,西南,李华,已完成
PO-2025-00199,2025-03-16,广州包装制品,包装材料,缠绕膜,382,163.08,62296.56,西北,王芳,已完成
PO-2025-00200,2025-11-18,北京信达办公,办公用品,文件夹,98,110.22,10801.56,东北,李华,已完成
PO-2025-00201,2025-10-17,成都电气元件,电子元器件,传感器,396,132.17,52339.32,西南,周婷,已完成
PO-2025-00202,2025-02-04,重庆办公用品,办公用品,订书机,329,62.58,20588.82,西北,杨洋,已完成
PO-2025-00203,2025-02-07,成都电气元件,电子元器件,传感器,333,73.66,24528.78,华中,张明,已完成
PO-2025-00204,2025-02-16,北京信达办公,办公用品,笔,241,11.1,2675.1,华中,陈静,已完成
PO-2025-00205,2025-10-20,南京化工材料,原材料,橡胶,269,89.57,24094.33,西南,张明,已完成
PO-2025-00206,2025-08-19,重庆办公用品,办公用品,文件夹,174,113.14,19686.36,西南,王芳,已取消
PO-2025-00207,2025-12-29,深圳精密机械制造,机械零件,螺栓,375,23.59,8846.25,西北,王芳,已完成
PO-2025-00208,2025-05-25,成都电气元件,电子元器件,传感器,278,122.98,34188.44,华南,杨洋,已完成
PO-2025-00209,2025-11-28,武汉工具设备,工具耗材,焊锡丝,406,70.98,28817.88,西南,张明,处理中
PO-2025-00210,2025-12-03,广州包装制品,包装材料,纸箱,178,19.91,3543.98,西北,赵磊,已完成
PO-2025-00211,2025-06-08,南京化工材料,原材料,铝材,180,23.4,4212.0,西北,王芳,待审批
PO-2025-00212,2025-07-12,重庆办公用品,办公用品,订书机,349,74.92,26147.08,西南,李华,已完成
PO-2025-00213,2025-08-05,重庆办公用品,办公用品,墨盒,426,27.53,11727.78,西北,李华,已完成
PO-2025-00214,2025-09-06,杭州精密五金,机械零件,螺栓,19,81.76,1553.44,华南,刘强,已完成
PO-2025-00215,2025-10-04,苏州新材料科技,原材料,铝材,80,36.98,2958.4,华中,李华,已完成
PO-2025-00216,2025-03-20,西安包装材料,包装材料,封箱胶带,29,117.99,3421.71,东北,王芳,已完成
PO-2025-00217,2025-01-23,上海自动化设备,电子元器件,电容器,435,133.1,57898.5,西南,王芳,处理中
PO-2025-00218,2025-08-18,武汉工具设备,工具耗材,电钻头,356,145.32,51733.92,华北,陈静,处理中
PO-2025-00219,2025-04-10,苏州新材料科技,原材料,橡胶,132,68.61,9056.52,东北,周婷,待审批
PO-2025-00220,2025-07-15,广州包装制品,包装材料,珍珠棉,494,98.8,48807.2,华北,周婷,处理中
PO-2025-00221,2025-03-12,杭州精密五金,机械零件,导轨,224,208.9,46793.6,东北,刘强,处理中
PO-2025-00222,2025-09-22,北京信达办公,办公用品,A4纸,338,88.84,30027.92,华中,李华,处理中
PO-2025-00223,2025-03-17,深圳精密机械制造,机械零件,螺栓,52,169.19,8797.88,华中,周婷,待审批
PO-2025-00224,2025-01-14,武汉工具设备,工具耗材,扳手,494,182.55,90179.7,东北,周婷,待审批
PO-2025-00225,2025-07-11,武汉工具设备,工具耗材,扳手,212,102.89,21812.68,华南,赵磊,已取消
PO-2025-00226,2025-03-12,苏州新材料科技,原材料,钢材,173,195.84,33880.32,东北,杨洋,处理中
PO-2025-00227,2025-08-29,长沙恒达电子科技,电子元器件,集成电路,479,166.8,79897.2,西北,王芳,处理中
PO-2025-00228,2025-03-18,成都电气元件,电子元器件,继电器,12,208.89,2506.68,华东,陈静,已完成
PO-2025-00229,2025-03-04,杭州精密五金,机械零件,弹簧,321,116.55,37412.55,华东,陈静,已完成
PO-2025-00230,2025-09-13,长沙恒达电子科技,电子元器件,电容器,224,129.6,29030.4,西南,周婷,已完成
PO-2025-00231,2025-05-30,南京化工材料,原材料,橡胶,18,143.62,2585.16,西南,刘强,处理中
PO-2025-00232,2025-12-09,武汉工具设备,工具耗材,扳手,324,73.8,23911.2,西南,赵磊,已完成
PO-2025-00233,2025-08-29,深圳精密机械制造,机械零件,导轨,194,20.02,3883.88,西南,张明,已完成
PO-2025-00234,2025-02-04,长沙恒达电子科技,电子元器件,连接器,208,196.3,40830.4,华中,张明,已完成
PO-2025-00235,2025-06-30,广州包装制品,包装材料,泡沫,385,113.17,43570.45,华东,杨洋,已完成
PO-2025-00236,2025-09-03,杭州精密五金,机械零件,螺栓,426,140.77,59968.02,东北,周婷,已取消
PO-2025-00237,2025-04-14,重庆办公用品,办公用品,文件夹,425,28.79,12235.75,西北,周婷,已完成
PO-2025-00238,2025-10-06,长沙恒达电子科技,电子元器件,电容器,463,13.17,6097.71,华中,赵磊,已取消
PO-2025-00239,2025-01-25,成都电气元件,电子元器件,集成电路,28,174.68,4891.04,华南,陈静,已完成
PO-2025-00240,2025-08-14,重庆办公用品,办公用品,墨盒,149,26.93,4012.57,华中,赵磊,待审批
PO-2025-00241,2025-09-23,武汉工具设备,工具耗材,电钻头,105,101.76,10684.8,华北,杨洋,待审批
PO-2025-00242,2025-06-14,北京信达办公,办公用品,A4纸,382,79.0,30178.0,华北,王芳,已完成
PO-2025-00243,2025-08-07,深圳精密机械制造,机械零件,轴承,177,147.27,26066.79,华中,周婷,已完成
PO-2025-00244,2025-08-11,上海自动化设备,电子元器件,连接器,237,69.87,16559.19,华东,杨洋,已完成
PO-2025-00245,2025-12-14,北京信达办公,办公用品,订书机,415,170.86,70906.9,华东,赵磊,已完成
PO-2025-00246,2025-02-04,上海自动化设备,电子元器件,电阻器,83,161.97,13443.51,西北,周婷,已完成
PO-2025-00247,2025-12-14,苏州新材料科技,原材料,硅胶,197,79.4,15641.8,西南,张明,已完成
PO-2025-00248,2025-07-23,成都电气元件,电子元器件,集成电路,200,105.3,21060.0,华东,王芳,已完成
PO-2025-00249,2025-09-13,广州包装制品,包装材料,珍珠棉,152,45.62,6934.24,华东,张明,处理中
PO-2025-00250,2025-04-20,杭州精密五金,机械零件,联轴器,477,123.69,59000.13,华中,陈静,处理中
PO-2025-00251,2025-02-07,南京化工材料,原材料,铜线,365,205.76,75102.4,华北,刘强,已完成
PO-2025-00252,2025-12-30,成都电气元件,电子元器件,电容器,470,165.72,77888.4,华东,杨洋,已完成
PO-2025-00253,2025-12-25,深圳精密机械制造,机械零件,导轨,287,67.78,19452.86,华中,王芳,处理中
PO-2025-00254,2025-03-13,重庆办公用品,办公用品,文件夹,416,69.45,28891.2,华南,李华,已取消
PO-2025-00255,2025-10-10,苏州新材料科技,原材料,塑料颗粒,23,79.14,1820.22,西南,杨洋,已完成
PO-2025-00256,2025-09-03,上海自动化设备,电子元器件,继电器,462,20.72,9572.64,华中,赵磊,已取消
PO-2025-00257,2025-06-12,杭州精密五金,机械零件,联轴器,403,91.63,36926.89,西南,李华,已完成
PO-2025-00258,2025-10-10,重庆办公用品,办公用品,A4纸,240,88.17,21160.8,西南,杨洋,已完成
PO-2025-00259,2025-01-29,重庆办公用品,办公用品,笔记本,103,142.34,14661.02,华南,赵磊,已完成
PO-2025-00260,2025-04-26,深圳精密机械制造,机械零件,导轨,88,70.73,6224.24,华南,杨洋,待审批
PO-2025-00261,2025-10-10,广州包装制品,包装材料,封箱胶带,468,51.33,24022.44,华东,陈静,已完成
PO-2025-00262,2025-03-28,北京信达办公,办公用品,文件夹,330,57.65,19024.5,西南,李华,已完成
PO-2025-00263,2025-10-16,南京化工材料,原材料,橡胶,88,42.99,3783.12,西南,杨洋,处理中
PO-2025-00264,2025-10-20,长沙恒达电子科技,电子元器件,电阻器,51,13.87,707.37,西北,陈静,已完成
PO-2025-00265,2025-06-04,武汉工具设备,工具耗材,测量尺,337,10.91,3676.67,西北,陈静,已完成
PO-2025-00266,2025-12-19,成都电气元件,电子元器件,电容器,422,186.8,78829.6,华北,陈静,已完成
PO-2025-00267,2025-03-15,长沙恒达电子科技,电子元器件,电容器,235,86.05,20221.75,华北,刘强,已完成
PO-2025-00268,2025-03-08,广州包装制品,包装材料,珍珠棉,173,125.94,21787.62,东北,杨洋,已取消
PO-2025-00269,2025-08-19,广州包装制品,包装材料,封箱胶带,297,21.85,6489.45,华南,周婷,已完成
PO-2025-00270,2025-03-23,苏州新材料科技,原材料,铝材,59,15.61,920.99,华北,赵磊,已完成
PO-2025-00271,2025-09-21,广州包装制品,包装材料,封箱胶带,379,56.08,21254.32,东北,王芳,已完成
PO-2025-00272,2025-09-16,成都电气元件,电子元器件,传感器,460,74.94,34472.4,华东,李华,待审批
PO-2025-00273,2025-11-02,成都电气元件,电子元器件,电容器,120,136.56,16387.2,华东,张明,已完成
PO-2025-00274,2025-05-16,重庆办公用品,办公用品,订书机,250,55.86,13965.0,华东,李华,已完成
PO-2025-00275,2025-10-15,西安包装材料,包装材料,缠绕膜,401,73.6,29513.6,华东,赵磊,已完成
PO-2025-00276,2025-05-24,苏州新材料科技,原材料,铜线,293,64.34,18851.62,华北,周婷,处理中
PO-2025-00277,2025-06-23,南京化工材料,原材料,硅胶,322,31.55,10159.1,华东,赵磊,已完成
PO-2025-00278,2025-01-24,杭州精密五金,机械零件,螺栓,396,35.78,14168.88,西南,赵磊,已完成
PO-2025-00279,2025-09-21,长沙恒达电子科技,电子元器件,电容器,375,69.94,26227.5,华北,周婷,已完成
PO-2025-00280,2025-06-03,上海自动化设备,电子元器件,集成电路,486,118.32,57503.52,华南,赵磊,已取消
PO-2025-00281,2025-06-03,南京化工材料,原材料,铜线,269,186.5,50168.5,西南,周婷,处理中
PO-2025-00282,2025-12-19,成都电气元件,电子元器件,电阻器,198,80.03,15845.94,华东,赵磊,已完成
PO-2025-00283,2025-10-26,重庆办公用品,办公用品,A4纸,315,89.74,28268.1,西北,刘强,处理中
PO-2025-00284,2025-12-15,成都电气元件,电子元器件,电容器,278,146.81,40813.18,西南,赵磊,已完成
PO-2025-00285,2025-06-10,苏州新材料科技,原材料,钢材,303,199.4,60418.2,华东,刘强,已完成
PO-2025-00286,2025-02-01,武汉工具设备,工具耗材,螺丝刀,221,139.65,30862.65,华北,周婷,待审批
PO-2025-00287,2025-06-10,西安包装材料,包装材料,泡沫,275,39.98,10994.5,华中,周婷,已完成
PO-2025-00288,2025-12-15,上海自动化设备,电子元器件,传感器,477,103.51,49374.27,西南,杨洋,已完成
PO-2025-00289,2025-06-02,重庆办公用品,办公用品,订书机,145,114.05,16537.25,华南,刘强,已完成
PO-2025-00290,2025-06-28,苏州新材料科技,原材料,铜线,404,64.42,26025.68,华南,周婷,已完成
PO-2025-00291,2025-07-22,杭州精密五金,机械零件,弹簧,-150,66.01,9901.5,西南,赵磊,待审批
PO-2025-00292,2025-08-15,广州包装制品,包装材料,泡沫,158,11.22,1772.76,西北,李华,已完成
PO-2025-00293,2025-12-23,重庆办公用品,办公用品,墨盒,392,90.55,35495.6,华南,陈静,待审批
PO-2025-00294,2025-12-09,北京信达办公,办公用品,文件夹,65,112.55,7315.75,西南,刘强,已完成
PO-2025-00295,2025-08-30,杭州精密五金,机械零件,齿轮,336,54.44,18291.84,华东,赵磊,已完成
PO-2025-00296,2025-09-01,深圳精密机械制造,机械零件,弹簧,404,34.99,14135.96,西南,王芳,已完成
PO-2025-00297,2025-01-31,成都电气元件,电子元器件,连接器,112,175.26,19629.12,华中,杨洋,已完成
PO-2025-00298,2025-03-31,深圳精密机械制造,机械零件,弹簧,303,55.31,16758.93,西北,张明,待审批
PO-2025-00299,2025-04-06,武汉工具设备,工具耗材,螺丝刀,488,184.33,89953.04,东北,赵磊,处理中
PO-2025-00300,2025-06-21,西安包装材料,包装材料,缠绕膜,458,10.83,4960.14,华中,李华,待审批
PO-2025-00301,2025-08-28,北京信达办公,办公用品,笔,338,99.85,33749.3,华北,王芳,待审批
PO-2025-00302,2025-04-06,北京信达办公,办公用品,文件夹,424,24.27,10290.48,华南,周婷,已完成
PO-2025-00303,2025-11-24,长沙恒达电子科技,电子元器件,连接器,182,159.2,28974.4,西南,刘强,已完成
PO-2025-00304,2025-03-13,武汉工具设备,工具耗材,焊锡丝,273,68.95,18823.35,华北,李华,已完成
PO-2025-00305,2025-05-17,成都电气元件,电子元器件,集成电路,489,61.37,30009.93,华中,赵磊,已完成
PO-2025-00306,2025-12-21,广州包装制品,包装材料,缠绕膜,308,124.07,38213.56,华东,陈静,已完成
PO-2025-00307,2025-09-15,苏州新材料科技,原材料,钢材,351,29.46,10340.46,华中,王芳,已完成
PO-2025-00308,2025-04-23,西安包装材料,包装材料,缠绕膜,363,24.55,8911.65,华中,杨洋,已完成
PO-2025-00309,2025-10-09,上海自动化设备,电子元器件,传感器,88,89.03,7834.64,西南,杨洋,已完成
PO-2025-00310,2025-11-02,成都电气元件,电子元器件,继电器,420,154.67,64961.4,华南,刘强,已完成
PO-2025-00311,2025-02-27,深圳精密机械制造,机械零件,导轨,238,118.79,28272.02,华中,李华,待审批
PO-2025-00312,2025-09-24,长沙恒达电子科技,电子元器件,继电器,472,103.57,48885.04,西南,王芳,已完成
PO-2025-00313,2025-09-19,成都电气元件,电子元器件,电阻器,358,51.81,18547.98,西南,周婷,已完成
PO-2025-00314,2025-10-14,成都电气元件,电子元器件,电阻器,242,35.34,8552.28,华北,周婷,已完成
PO-2025-00315,2025-01-02,成都电气元件,电子元器件,连接器,423,74.86,31665.78,华东,赵磊,已完成
PO-2025-00316,2025-10-05,西安包装材料,包装材料,泡沫,306,16.93,5180.58,华北,杨洋,处理中
PO-2025-00317,2025-03-11,长沙恒达电子科技,电子元器件,电阻器,488,97.05,47360.4,华中,赵磊,已完成
PO-2025-00318,2025-07-13,重庆办公用品,办公用品,订书机,340,177.5,60350.0,华中,赵磊,已完成
PO-2025-00319,2025-06-28,武汉工具设备,工具耗材,扳手,359,193.01,69290.59,东北,王芳,已完成
PO-2025-00320,2025-01-12,深圳精密机械制造,机械零件,齿轮,285,89.81,25595.85,华南,刘强,处理中
PO-2025-00321,2025-05-07,北京信达办公,办公用品,笔,354,130.7,46267.8,华北,赵磊,处理中
PO-2025-00322,2025-12-05,成都电气元件,电子元器件,集成电路,89,67.56,6012.84,西北,李华,已完成
PO-2025-00323,2025-02-21,武汉工具设备,工具耗材,测量尺,402,187.57,75403.14,华东,刘强,已完成
PO-2025-00324,2025-01-23,南京化工材料,原材料,钢材,238,136.16,32406.08,西北,张明,已完成
PO-2025-00325,2025-05-29,武汉工具设备,工具耗材,焊锡丝,129,110.25,14222.25,东北,张明,已完成
PO-2025-00326,2025-03-15,苏州新材料科技,原材料,硅胶,304,70.55,21447.2,西南,杨洋,已完成
PO-2025-00327,2025-10-30,重庆办公用品,办公用品,笔记本,123,78.79,9691.17,华中,张明,已完成
PO-2025-00328,2025-06-26,西安包装材料,包装材料,泡沫,330,120.87,39887.1,西南,周婷,已完成
PO-2025-00329,2025-06-03,重庆办公用品,办公用品,订书机,205,145.57,29841.85,华中,赵磊,已完成
PO-2025-00330,2025-12-29,武汉工具设备,工具耗材,螺丝刀,396,109.9,43520.4,华南,刘强,已完成
PO-2025-00331,2025-03-10,上海自动化设备,电子元器件,传感器,478,15.42,7370.76,华北,赵磊,已完成
PO-2025-00332,2025-07-09,武汉工具设备,工具耗材,螺丝刀,140,44.65,6251.0,西北,李华,待审批
PO-2025-00333,2025-11-06,深圳精密机械制造,机械零件,导轨,380,183.41,69695.8,华东,陈静,已完成
PO-2025-00334,2025-06-20,南京化工材料,原材料,钢材,457,21.5,9825.5,东北,刘强,已完成
PO-2025-00335,2025-09-03,北京信达办公,办公用品,A4纸,118,168.97,19938.46,西北,李华,处理中
PO-2025-00336,2025-05-25,苏州新材料科技,原材料,硅胶,319,149.35,47642.65,,刘强,已完成
PO-2025-00337,2025-09-12,武汉工具设备,工具耗材,焊锡丝,283,131.5,37214.5,华中,陈静,已完成
PO-2025-00338,2025-07-09,成都电气元件,电子元器件,电阻器,421,225.81,95066.01,华北,杨洋,待审批
PO-2025-00339,2025-10-11,广州包装制品,包装材料,标签纸,33,97.49,3217.17,华南,王芳,已完成
PO-2025-00340,2025-07-14,南京化工材料,原材料,橡胶,378,96.8,36590.4,华南,刘强,已完成
PO-2025-00341,2025-09-08,南京化工材料,原材料,铝材,265,125.86,33352.9,西北,杨洋,已完成
PO-2025-00342,2025-10-07,西安包装材料,包装材料,珍珠棉,388,88.59,34372.92,华南,杨洋,已完成
PO-2025-00343,2025-02-08,成都电气元件,电子元器件,电容器,479,205.19,98286.01,西北,张明,已完成
PO-2025-00344,2025-03-19,重庆办公用品,办公用品,A4纸,401,5.75,2305.75,华南,刘强,已完成
PO-2025-00345,2025-01-09,长沙恒达电子科技,电子元器件,电容器,268,93.92,25170.56,华东,周婷,已完成
PO-2025-00346,2025-05-27,长沙恒达电子科技,电子元器件,继电器,292,85.21,24881.32,华东,陈静,已完成
PO-2025-00347,2025-02-19,长沙恒达电子科技,电子元器件,继电器,426,141.08,60100.08,华北,王芳,已完成
PO-2025-00348,2025-05-17,杭州精密五金,机械零件,齿轮,133,45.82,6094.06,西南,陈静,处理中
PO-2025-00349,2025-04-26,武汉工具设备,工具耗材,扳手,201,192.06,38604.06,华北,刘强,已取消
PO-2025-00350,2025-07-14,北京信达办公,办公用品,订书机,433,153.3,66378.9,西北,张明,已完成
PO-2025-00351,2025-08-11,武汉工具设备,工具耗材,测量尺,253,15.94,4032.82,华东,王芳,已完成
PO-2025-00352,2025-12-21,重庆办公用品,办公用品,墨盒,299,179.93,53799.07,华东,张明,已完成
PO-2025-00353,2025-10-16,南京化工材料,原材料,塑料颗粒,148,15.77,2333.96,华东,陈静,待审批
PO-2025-00354,2025-10-28,重庆办公用品,办公用品,A4纸,101,171.22,17293.22,华中,张明,已取消
PO-2025-00355,2025-05-04,上海自动化设备,电子元器件,连接器,430,78.53,33767.9,华东,陈静,已完成
PO-2025-00356,2025-03-13,南京化工材料,原材料,塑料颗粒,356,201.4,71698.4,华中,赵磊,处理中
PO-2025-00357,2025-04-29,西安包装材料,包装材料,珍珠棉,50,90.34,4517.0,华中,张明,已完成
PO-2025-00358,2025-06-17,深圳精密机械制造,机械零件,螺栓,319,170.45,54373.55,西南,赵磊,已取消
PO-2025-00359,2025-10-11,长沙恒达电子科技,电子元器件,连接器,149,157.79,23510.71,华北,周婷,已完成
PO-2025-00360,2025-11-13,武汉工具设备,工具耗材,焊锡丝,105,137.54,14441.7,西北,赵磊,已完成
PO-2025-00361,2025-11-21,北京信达办公,办公用品,文件夹,375,17.4,6525.0,华中,王芳,已完成
PO-2025-00362,2025-06-07,上海自动化设备,电子元器件,连接器,209,63.41,13252.69,华东,李华,已完成
PO-2025-00363,2025-08-18,成都电气元件,电子元器件,集成电路,399,66.25,26433.75,华南,李华,已完成
PO-2025-00364,2025-02-17,杭州精密五金,机械零件,导轨,272,91.33,24841.76,华东,李华,已完成
PO-2025-00365,2025-07-18,南京化工材料,原材料,橡胶,411,76.46,31425.06,华北,张明,已完成
PO-2025-00366,2025-03-28,深圳精密机械制造,机械零件,弹簧,471,125.52,59119.92,华南,王芳,已完成
PO-2025-00367,2025-05-22,上海自动化设备,电子元器件,集成电路,164,54.47,8933.08,华南,李华,已完成
PO-2025-00368,2025-11-17,武汉工具设备,工具耗材,电钻头,257,157.62,40508.34,华中,陈静,待审批
PO-2025-00369,2025-07-22,成都电气元件,电子元器件,继电器,325,49.6,16120.0,华东,王芳,已完成
PO-2025-00370,2025-11-30,广州包装制品,包装材料,封箱胶带,204,137.53,28056.12,华中,周婷,已完成
PO-2025-00371,2025-04-01,南京化工材料,原材料,铝材,163,75.63,12327.69,西北,刘强,已完成
PO-2025-00372,2025-05-05,武汉工具设备,工具耗材,电钻头,159,148.3,23579.7,西北,周婷,已取消
PO-2025-00373,2025-10-16,广州包装制品,包装材料,标签纸,153,139.58,21355.74,华北,杨洋,已完成
PO-2025-00374,2025-08-25,苏州新材料科技,原材料,橡胶,289,42.09,12164.01,东北,张明,已取消
PO-2025-00375,2025-07-29,西安包装材料,包装材料,泡沫,234,141.28,33059.52,东北,李华,处理中
PO-2025-00376,2025-08-05,重庆办公用品,办公用品,笔,81,118.22,9575.82,华南,陈静,已完成
PO-2025-00377,2025-12-21,武汉工具设备,工具耗材,扳手,239,198.19,47367.41,华北,赵磊,已完成
PO-2025-00378,2025-05-08,武汉工具设备,工具耗材,测量尺,28,159.19,4457.32,华中,李华,已完成
PO-2025-00379,2025-11-27,重庆办公用品,办公用品,订书机,191,34.44,6578.04,西南,张明,已完成
PO-2025-00380,2025-02-20,重庆办公用品,办公用品,订书机,214,178.05,38102.7,华中,赵磊,已完成
PO-2025-00381,2025-07-20,北京信达办公,办公用品,文件夹,271,135.57,36739.47,西南,刘强,已完成
PO-2025-00382,2025-09-05,成都电气元件,电子元器件,连接器,311,160.58,49940.38,华南,杨洋,已取消
PO-2025-00383,2025-03-14,深圳精密机械制造,机械零件,螺栓,222,202.96,45057.12,华东,李华,处理中
PO-2025-00384,2025-02-19,广州包装制品,包装材料,缠绕膜,185,79.72,14748.2,华南,周婷,已完成
PO-2025-00385,2025-12-30,成都电气元件,电子元器件,连接器,366,107.21,39238.86,华东,陈静,已完成
PO-2025-00386,2025-05-05,深圳精密机械制造,机械零件,轴承,444,79.09,35115.96,华东,王芳,待审批
PO-2025-00387,2025-04-29,杭州精密五金,机械零件,齿轮,292,39.12,11423.04,西南,赵磊,已取消
PO-2025-00388,2025-11-11,武汉工具设备,工具耗材,切割片,104,41.35,4300.4,西北,赵磊,已完成
PO-2025-00389,2025-12-27,苏州新材料科技,原材料,塑料颗粒,313,93.2,29171.6,华东,刘强,已完成
PO-2025-00390,2025-04-11,深圳精密机械制造,机械零件,导轨,62,176.99,10973.38,西南,王芳,已完成
PO-2025-00391,2025-11-09,成都电气元件,电子元器件,电阻器,144,156.15,22485.6,华北,杨洋,已完成
PO-2025-00392,2025-12-11,武汉工具设备,工具耗材,测量尺,68,72.85,4953.8,东北,周婷,已完成
PO-2025-00393,2025-05-03,西安包装材料,包装材料,缠绕膜,480,109.85,52728.0,华东,王芳,已完成
PO-2025-00394,2025-03-12,北京信达办公,办公用品,A4纸,103,70.02,7212.06,华南,赵磊,已完成
PO-2025-00395,2025-09-08,南京化工材料,原材料,塑料颗粒,-226,46.17,10434.42,西北,王芳,已完成
PO-2025-00396,2025-01-05,北京信达办公,办公用品,文件夹,105,59.71,6269.55,华北,张明,待审批
PO-2025-00397,2025-09-09,成都电气元件,电子元器件,电容器,109,188.56,20553.04,西南,周婷,已完成
PO-2025-00398,2025-04-23,武汉工具设备,工具耗材,切割片,440,91.55,40282.0,华南,李华,已完成
PO-2025-00399,2025-10-17,北京信达办公,办公用品,A4纸,150,43.96,6594.0,华中,王芳,处理中
PO-2025-00400,2025-10-06,西安包装材料,包装材料,标签纸,291,92.05,26786.55,西南,李华,已完成
PO-2025-00401,2025-08-06,广州包装制品,包装材料,封箱胶带,431,129.69,55896.39,东北,周婷,已完成
PO-2025-00402,2025-01-17,深圳精密机械制造,机械零件,弹簧,434,145.71,63238.14,华南,陈静,待审批
PO-2025-00403,2025-03-02,成都电气元件,电子元器件,集成电路,188,199.1,37430.8,华东,周婷,待审批
PO-2025-00404,2025-11-09,苏州新材料科技,原材料,铝材,425,156.28,66419.0,西北,杨洋,待审批
PO-2025-00405,2025-01-31,重庆办公用品,办公用品,笔,94,115.14,10823.16,东北,刘强,处理中
PO-2025-00406,2025-12-27,南京化工材料,原材料,铜线,282,66.99,18891.18,西南,王芳,已完成
PO-2025-00407,2025-07-30,北京信达办公,办公用品,墨盒,303,51.42,15580.26,东北,李华,已完成
PO-2025-00408,2025-12-31,长沙恒达电子科技,电子元器件,集成电路,453,132.9,60203.7,西北,王芳,已完成
PO-2025-00409,2025-11-20,广州包装制品,包装材料,泡沫,399,144.07,57483.93,华北,周婷,已完成
PO-2025-00410,2025-05-23,北京信达办公,办公用品,订书机,222,70.34,15615.48,华东,李华,已完成
PO-2025-00411,2025-02-17,西安包装材料,包装材料,缠绕膜,242,167.46,40525.32,华中,张明,待审批
PO-2025-00412,2025-07-23,西安包装材料,包装材料,标签纸,335,118.37,39653.95,华中,李华,处理中
PO-2025-00413,2025-06-22,苏州新材料科技,原材料,塑料颗粒,432,48.63,21008.16,华中,杨洋,处理中
PO-2025-00414,2025-01-25,杭州精密五金,机械零件,导轨,76,124.63,9471.88,华北,杨洋,待审批
PO-2025-00415,2025-03-22,长沙恒达电子科技,电子元器件,电阻器,330,157.86,52093.8,华北,张明,已完成
PO-2025-00416,2025-03-09,成都电气元件,电子元器件,传感器,10,228.17,2281.7,华北,刘强,已取消
PO-2025-00417,2025-05-09,重庆办公用品,办公用品,墨盒,91,161.47,14693.77,华中,李华,已完成
PO-2025-00418,2025-06-06,深圳精密机械制造,机械零件,螺栓,350,199.37,69779.5,华南,张明,已完成
PO-2025-00419,2025-01-01,西安包装材料,包装材料,珍珠棉,396,44.58,17653.68,西北,李华,处理中
PO-2025-00420,2025-12-23,苏州新材料科技,原材料,塑料颗粒,49,32.42,1588.58,华南,周婷,已完成
PO-2025-00421,2025-07-16,广州包装制品,包装材料,纸箱,450,74.25,33412.5,华南,周婷,已完成
PO-2025-00422,2025-03-12,深圳精密机械制造,机械零件,弹簧,422,27.47,11592.34,华中,杨洋,待审批
PO-2025-00423,2025-01-05,武汉工具设备,工具耗材,螺丝刀,338,198.62,67133.56,华南,李华,已完成
PO-2025-00424,2025-03-19,南京化工材料,原材料,硅胶,94,101.72,9561.68,西北,刘强,已完成
PO-2025-00425,2025-03-13,武汉工具设备,工具耗材,测量尺,361,91.26,32944.86,华南,李华,待审批
PO-2025-00426,2025-05-07,深圳精密机械制造,机械零件,导轨,383,87.87,33654.21,华北,杨洋,处理中
PO-2025-00427,2025-12-20,北京信达办公,办公用品,订书机,53,48.05,2546.65,西南,陈静,处理中
PO-2025-00428,2025-06-01,长沙恒达电子科技,电子元器件,连接器,458,63.82,29229.56,西南,刘强,处理中
PO-2025-00429,2025-05-04,重庆办公用品,办公用品,A4纸,411,165.69,68098.59,华南,周婷,已完成
PO-2025-00430,2025-03-09,成都电气元件,电子元器件,连接器,314,21.67,6804.38,华东,杨洋,待审批
PO-2025-00431,2025-02-07,武汉工具设备,工具耗材,测量尺,225,76.26,17158.5,西北,王芳,处理中
PO-2025-00432,2025-07-23,长沙恒达电子科技,电子元器件,继电器,44,7.69,338.36,华南,张明,待审批
PO-2025-00433,2025-07-25,杭州精密五金,机械零件,螺栓,331,155.48,51463.88,东北,赵磊,已完成
PO-2025-00434,2025-02-10,深圳精密机械制造,机械零件,弹簧,284,120.83,34315.72,华南,陈静,已完成
PO-2025-00435,2025-11-29,杭州精密五金,机械零件,齿轮,423,38.12,16124.76,华中,赵磊,已完成
PO-2025-00436,2025-02-14,重庆办公用品,办公用品,订书机,43,60.24,2590.32,华北,刘强,已完成
PO-2025-00437,2025-12-03,武汉工具设备,工具耗材,扳手,242,124.4,30104.8,华东,陈静,已完成
PO-2025-00438,2025-06-27,西安包装材料,包装材料,泡沫,71,6.57,466.47,华南,张明,已完成
PO-2025-00439,2025-05-18,杭州精密五金,机械零件,导轨,410,178.62,73234.2,华中,王芳,已完成
PO-2025-00440,2025-02-02,西安包装材料,包装材料,纸箱,404,158.82,64163.28,华中,赵磊,已完成
PO-2025-00441,2025-01-29,北京信达办公,办公用品,订书机,305,114.63,34962.15,华北,周婷,已完成
PO-2025-00442,2025-12-12,成都电气元件,电子元器件,继电器,95,88.2,8379.0,华中,李华,待审批
PO-2025-00443,2025-01-07,西安包装材料,包装材料,纸箱,126,131.52,16571.52,华东,张明,待审批
PO-2025-00444,2025-01-19,苏州新材料科技,原材料,钢材,251,79.77,20022.27,华南,王芳,待审批
PO-2025-00445,2025-06-13,杭州精密五金,机械零件,弹簧,389,143.49,55817.61,华南,杨洋,已完成
PO-2025-00446,2025-09-22,北京信达办公,办公用品,A4纸,302,69.93,21118.86,西南,张明,已完成
PO-2025-00447,2025-06-09,长沙恒达电子科技,电子元器件,传感器,45,176.01,7920.45,东北,陈静,处理中
PO-2025-00448,2025-06-05,广州包装制品,包装材料,纸箱,293,79.96,23428.28,华中,刘强,已完成
PO-2025-00449,2025-04-11,西安包装材料,包装材料,封箱胶带,134,84.01,11257.34,西南,周婷,已取消
PO-2025-00450,2025-01-13,西安包装材料,包装材料,封箱胶带,399,140.99,56255.01,华南,张明,待审批
PO-2025-00451,2025-01-01,苏州新材料科技,原材料,橡胶,187,135.46,25331.02,西北,张明,已取消
PO-2025-00452,2025-05-02,重庆办公用品,办公用品,笔,444,137.01,60832.44,华中,李华,已完成
PO-2025-00453,2025-04-29,武汉工具设备,工具耗材,焊锡丝,40,194.65,7786.0,华南,陈静,已完成
PO-2025-00454,2025-09-16,杭州精密五金,机械零件,联轴器,368,194.01,71395.68,华北,李华,已完成
PO-2025-00455,2025-03-08,上海自动化设备,电子元器件,连接器,429,77.8,33376.2,西南,张明,已完成
PO-2025-00456,2025-06-17,苏州新材料科技,原材料,铜线,143,179.47,25664.21,东北,赵磊,处理中
PO-2025-00457,2025-10-27,广州包装制品,包装材料,标签纸,149,42.97,6402.53,华南,王芳,处理中
PO-2025-00458,2025-10-02,深圳精密机械制造,机械零件,齿轮,64,40.76,2608.64,华北,杨洋,已完成
PO-2025-00459,2025-12-18,广州包装制品,包装材料,泡沫,241,55.35,13339.35,华中,李华,已完成
PO-2025-00460,2025-12-31,北京信达办公,办公用品,订书机,366,110.38,40399.08,华南,杨洋,已完成
PO-2025-00461,2025-03-31,苏州新材料科技,原材料,铜线,212,110.38,23400.56,西北,陈静,已完成
PO-2025-00462,2025-02-22,长沙恒达电子科技,电子元器件,传感器,447,93.18,41651.46,西北,刘强,已完成
PO-2025-00463,2025-07-25,上海自动化设备,电子元器件,电阻器,16,16.17,258.72,东北,刘强,已完成
PO-2025-00464,2025-02-08,广州包装制品,包装材料,珍珠棉,332,159.65,53003.8,华东,陈静,待审批
PO-2025-00465,2025-06-19,长沙恒达电子科技,电子元器件,电阻器,111,180.99,20089.89,华北,王芳,已完成
PO-2025-00466,2025-07-22,深圳精密机械制造,机械零件,轴承,492,104.38,51354.96,华南,赵磊,处理中
PO-2025-00467,2025-04-06,成都电气元件,电子元器件,电阻器,205,158.96,32586.8,华南,杨洋,已完成
PO-2025-00468,2025-09-13,北京信达办公,办公用品,墨盒,238,159.54,37970.52,华东,刘强,已完成
PO-2025-00469,2025-04-13,武汉工具设备,工具耗材,测量尺,255,16.89,4306.95,华中,赵磊,已完成
PO-2025-00470,2025-07-03,重庆办公用品,办公用品,笔记本,137,117.76,16133.12,东北,张明,已取消
PO-2025-00471,2025-04-03,成都电气元件,电子元器件,继电器,410,114.44,46920.4,西南,杨洋,已完成
PO-2025-00472,2025-08-30,长沙恒达电子科技,电子元器件,集成电路,315,47.71,15028.65,东北,陈静,已完成
PO-2025-00473,2025-12-03,杭州精密五金,机械零件,螺栓,402,128.39,51612.78,华南,王芳,已完成
PO-2025-00474,2025-04-23,苏州新材料科技,原材料,铜线,283,172.38,48783.54,西北,张明,处理中
PO-2025-00475,2025-10-31,南京化工材料,原材料,塑料颗粒,191,209.85,40081.35,东北,王芳,已完成
PO-2025-00476,2025-06-30,广州包装制品,包装材料,珍珠棉,367,63.72,23385.24,西南,张明,处理中
PO-2025-00477,2025-03-31,南京化工材料,原材料,橡胶,82,128.58,10543.56,华南,周婷,已完成
PO-2025-00478,2025-09-02,成都电气元件,电子元器件,电阻器,56,18.35,1027.6,西南,刘强,已完成
PO-2025-00479,2025-04-01,长沙恒达电子科技,电子元器件,集成电路,479,124.76,59760.04,东北,王芳,已完成
PO-2025-00480,2025-09-27,广州包装制品,包装材料,纸箱,21,28.73,603.33,西北,王芳,处理中
PO-2025-00481,2025-06-22,广州包装制品,包装材料,纸箱,201,121.03,24327.03,西北,赵磊,已完成
PO-2025-00482,2025-09-07,北京信达办公,办公用品,墨盒,79,175.76,13885.04,西北,赵磊,处理中
PO-2025-00483,2025-10-29,重庆办公用品,办公用品,墨盒,99,131.47,13015.53,西南,杨洋,已完成
PO-2025-00484,2025-01-01,上海自动化设备,电子元器件,传感器,167,140.72,23500.24,华中,王芳,已完成
PO-2025-00485,2025-06-12,西安包装材料,包装材料,封箱胶带,210,150.39,31581.9,东北,张明,已完成
PO-2025-00486,2025-02-09,南京化工材料,原材料,铝材,337,129.12,43513.44,华北,王芳,已完成
PO-2025-00487,2025-05-16,苏州新材料科技,原材料,铜线,173,39.62,6854.26,华东,杨洋,已完成
PO-2025-00488,2025-01-25,苏州新材料科技,原材料,铝材,364,19.13,6963.32,华中,李华,处理中
PO-2025-00489,2025-07-13,武汉工具设备,工具耗材,焊锡丝,385,86.83,33429.55,华南,赵磊,已完成
PO-2025-00490,2025-02-07,广州包装制品,包装材料,封箱胶带,202,21.06,4254.12,华北,刘强,已完成
PO-2025-00491,2025-07-12,长沙恒达电子科技,电子元器件,集成电路,20,67.15,1343.0,华东,李华,已完成
PO-2025-00492,2025-11-11,上海自动化设备,电子元器件,连接器,48,106.09,5092.32,华东,杨洋,已完成
PO-2025-00493,2025-08-11,成都电气元件,电子元器件,连接器,25,102.47,2561.75,西北,王芳,已完成
PO-2025-00494,2025-10-04,上海自动化设备,电子元器件,电阻器,61,66.09,4031.49,华南,赵磊,已完成
PO-2025-00495,2025-10-09,北京信达办公,办公用品,订书机,154,56.69,8730.26,华东,张明,已完成
PO-2025-00496,2025-12-05,成都电气元件,电子元器件,电容器,37,86.67,3206.79,华北,李华,已完成
PO-2025-00497,2025-05-30,重庆办公用品,办公用品,笔记本,255,40.42,10307.1,华东,刘强,已完成
PO-2025-00498,2025-12-05,深圳精密机械制造,机械零件,联轴器,442,30.28,13383.76,东北,赵磊,已完成
PO-2025-00499,2025-07-09,北京信达办公,办公用品,A4纸,338,99.99,33796.62,华南,杨洋,待审批
PO-2025-00500,2025-05-18,上海自动化设备,电子元器件,传感器,32,53.53,1712.96,华北,陈静,已完成
PO-2025-00501,2025-06-26,南京化工材料,原材料,钢材,87,169.89,14780.43,西北,李华,已完成
PO-2025-00502,2025-09-25,杭州精密五金,机械零件,联轴器,397,129.6,51451.2,西南,张明,处理中
PO-2025-00503,2025-02-10,武汉工具设备,工具耗材,测量尺,361,174.04,62828.44,华北,刘强,已完成
PO-2025-00504,2025-08-18,武汉工具设备,工具耗材,切割片,27,102.91,2778.57,西南,王芳,已完成
PO-2025-00505,2025-12-16,上海自动化设备,电子元器件,电容器,118,154.52,18233.36,华南,张明,已完成
PO-2025-00506,2025-02-04,武汉工具设备,工具耗材,螺丝刀,431,127.31,54870.61,,陈静,已完成
PO-2025-00507,2025-01-07,深圳精密机械制造,机械零件,联轴器,294,90.73,26674.62,华中,陈静,已完成
PO-2025-00508,2025-03-17,西安包装材料,包装材料,封箱胶带,310,94.07,29161.7,华北,李华,已完成
PO-2025-00509,2025-02-21,南京化工材料,原材料,橡胶,308,171.23,52738.84,华东,李华,已完成
PO-2025-00510,2025-09-06,北京信达办公,办公用品,笔记本,460,64.85,29831.0,华北,陈静,已完成
PO-2025-00511,2025-11-08,南京化工材料,原材料,橡胶,252,13.78,3472.56,华中,赵磊,已完成
PO-2025-00512,2025-09-01,重庆办公用品,办公用品,订书机,215,11.56,2485.4,华中,刘强,已完成
PO-2025-00513,2025-09-09,北京信达办公,办公用品,墨盒,20,63.8,1276.0,东北,陈静,已完成
PO-2025-00514,2025-08-15,西安包装材料,包装材料,珍珠棉,60,171.28,10276.8,华南,王芳,已完成
PO-2025-00515,2025-04-19,广州包装制品,包装材料,缠绕膜,383,73.33,28085.39,西北,李华,已完成
PO-2025-00516,2025-09-21,武汉工具设备,工具耗材,切割片,258,153.1,39499.8,东北,杨洋,处理中
PO-2025-00517,2025-09-26,上海自动化设备,电子元器件,电阻器,169,136.2,23017.8,华北,王芳,处理中
PO-2025-00518,2025-05-08,南京化工材料,原材料,钢材,98,47.7,4674.6,东北,刘强,处理中
PO-2025-00519,2025-08-26,长沙恒达电子科技,电子元器件,传感器,35,184.02,6440.7,西北,刘强,已完成
PO-2025-00520,2025-09-08,杭州精密五金,机械零件,联轴器,335,199.8,66933.0,西北,张明,已完成
PO-2025-00521,2025-05-13,南京化工材料,原材料,塑料颗粒,100,215.38,21538.0,华北,杨洋,已完成
PO-2025-00522,2025-10-20,西安包装材料,包装材料,珍珠棉,56,53.32,2985.92,华北,张明,已完成
PO-2025-00523,2025-09-20,苏州新材料科技,原材料,铝材,341,51.34,17506.94,华南,陈静,已完成
PO-2025-00524,2025-01-05,长沙恒达电子科技,电子元器件,连接器,14,97.45,1364.3,华南,王芳,已完成
PO-2025-00525,2025-07-12,苏州新材料科技,原材料,铜线,321,170.09,54598.89,华中,陈静,已完成
PO-2025-00526,2025-01-04,广州包装制品,包装材料,标签纸,139,40.42,5618.38,华中,赵磊,已完成
PO-2025-00527,2025-02-25,杭州精密五金,机械零件,弹簧,441,182.17,80336.97,西南,陈静,已完成
PO-2025-00528,2025-05-14,成都电气元件,电子元器件,电阻器,182,227.39,41384.98,西北,杨洋,待审批
PO-2025-00529,2025-05-04,重庆办公用品,办公用品,订书机,497,164.69,81850.93,华中,刘强,已完成
PO-2025-00530,2025-12-02,长沙恒达电子科技,电子元器件,继电器,216,133.8,28900.8,西北,王芳,处理中
PO-2025-00531,2025-10-26,成都电气元件,电子元器件,集成电路,142,209.12,29695.04,华北,赵磊,处理中
PO-2025-00532,2025-11-23,西安包装材料,包装材料,封箱胶带,427,36.99,15794.73,西北,刘强,已完成
PO-2025-00533,2025-10-13,成都电气元件,电子元器件,连接器,193,119.52,23067.36,东北,王芳,处理中
PO-2025-00534,2025-10-14,上海自动化设备,电子元器件,集成电路,59,91.96,5425.64,西北,陈静,处理中
PO-2025-00535,2025-06-07,上海自动化设备,电子元器件,连接器,470,66.93,31457.1,华东,刘强,已完成
PO-2025-00536,2025-08-29,武汉工具设备,工具耗材,电钻头,200,55.81,11162.0,华中,周婷,待审批
PO-2025-00537,2025-04-10,长沙恒达电子科技,电子元器件,连接器,308,118.16,36393.28,西南,李华,已完成
PO-2025-00538,2025-03-19,杭州精密五金,机械零件,轴承,454,148.75,67532.5,西南,陈静,已完成
PO-2025-00539,2025-04-03,上海自动化设备,电子元器件,电容器,185,80.55,14901.75,西南,周婷,已完成
PO-2025-00540,2025-01-03,深圳精密机械制造,机械零件,联轴器,180,140.86,25354.8,华南,杨洋,已完成
PO-2025-00541,2025-02-15,成都电气元件,电子元器件,集成电路,117,176.45,20644.65,华南,王芳,已完成
PO-2025-00542,2025-07-16,上海自动化设备,电子元器件,继电器,232,122.1,28327.2,华北,赵磊,已取消
PO-2025-00543,2025-09-29,长沙恒达电子科技,电子元器件,电阻器,283,43.89,12420.87,华中,张明,待审批
PO-2025-00544,2025-06-26,苏州新材料科技,原材料,钢材,356,6.09,2168.04,西北,刘强,已完成
PO-2025-00545,2025-01-24,北京信达办公,办公用品,文件夹,62,71.81,4452.22,西南,陈静,已完成
PO-2025-00546,2025-12-18,北京信达办公,办公用品,墨盒,243,132.23,32131.89,西南,杨洋,已完成
PO-2025-00547,2025-07-26,上海自动化设备,电子元器件,集成电路,471,95.56,45008.76,东北,刘强,已完成
PO-2025-00548,2025-10-29,长沙恒达电子科技,电子元器件,电容器,124,146.8,18203.2,华南,刘强,处理中
PO-2025-00549,2025-11-24,杭州精密五金,机械零件,齿轮,73,82.6,6029.8,西北,张明,已完成
PO-2025-00550,2025-01-11,北京信达办公,办公用品,笔记本,329,13.03,4286.87,华东,李华,已完成
PO-2025-00551,2025-08-31,长沙恒达电子科技,电子元器件,连接器,69,86.27,5952.63,华北,李华,已完成
PO-2025-00552,2025-12-05,西安包装材料,包装材料,泡沫,115,123.69,14224.35,西北,张明,已完成
PO-2025-00553,2025-02-23,深圳精密机械制造,机械零件,弹簧,276,63.41,17501.16,西南,王芳,已完成
PO-2025-00554,2025-11-08,杭州精密五金,机械零件,弹簧,326,30.19,9841.94,华东,李华,已完成
PO-2025-00555,2025-06-01,苏州新材料科技,原材料,铜线,435,112.36,48876.6,华南,杨洋,处理中
PO-2025-00556,2025-01-02,上海自动化设备,电子元器件,电阻器,290,96.7,28043.0,华南,周婷,已完成
PO-2025-00557,2025-02-16,长沙恒达电子科技,电子元器件,连接器,55,181.84,10001.2,东北,周婷,已完成
PO-2025-00558,2025-06-01,杭州精密五金,机械零件,轴承,380,157.79,59960.2,华中,刘强,已完成
PO-2025-00559,2025-07-04,北京信达办公,办公用品,笔,35,22.02,770.7,华南,张明,待审批
PO-2025-00560,2025-03-12,重庆办公用品,办公用品,墨盒,228,137.09,31256.52,华东,张明,已完成
PO-2025-00561,2025-02-17,重庆办公用品,办公用品,订书机,97,63.56,6165.32,华北,陈静,待审批
PO-2025-00562,2025-07-17,广州包装制品,包装材料,缠绕膜,103,23.12,2381.36,华北,周婷,已完成
PO-2025-00563,2025-12-23,西安包装材料,包装材料,标签纸,419,76.77,32166.63,东北,王芳,已完成
PO-2025-00564,2025-09-05,西安包装材料,包装材料,纸箱,492,149.29,73450.68,华东,赵磊,待审批
PO-2025-00565,2025-12-17,南京化工材料,原材料,硅胶,234,45.19,10574.46,华北,杨洋,已完成
PO-2025-00566,2025-02-02,西安包装材料,包装材料,泡沫,257,162.34,41721.38,华东,赵磊,已完成
PO-2025-00567,2025-12-09,北京信达办公,办公用品,订书机,170,6.67,1133.9,东北,刘强,已取消
PO-2025-00568,2025-05-08,广州包装制品,包装材料,封箱胶带,277,118.33,32777.41,西南,李华,已完成
PO-2025-00569,2025-10-13,成都电气元件,电子元器件,集成电路,349,157.41,54936.09,华北,王芳,处理中
PO-2025-00570,2025-03-26,南京化工材料,原材料,钢材,15,146.12,2191.8,华南,周婷,待审批
PO-2025-00571,2025-10-09,深圳精密机械制造,机械零件,联轴器,174,57.17,9947.58,华中,张明,已完成
PO-2025-00572,2025-10-21,重庆办公用品,办公用品,笔,216,151.19,32657.04,华东,周婷,已完成
PO-2025-00573,2025-12-01,成都电气元件,电子元器件,电阻器,448,117.53,52653.44,华中,李华,已取消
PO-2025-00574,2025-11-06,长沙恒达电子科技,电子元器件,电阻器,216,85.41,18448.56,西南,张明,处理中
PO-2025-00575,2025-08-22,南京化工材料,原材料,硅胶,165,200.0,33000.0,西南,刘强,已完成
PO-2025-00576,2025-11-14,广州包装制品,包装材料,缠绕膜,432,13.25,5724.0,华南,周婷,已完成
PO-2025-00577,2025-12-04,南京化工材料,原材料,塑料颗粒,376,149.13,56072.88,西北,周婷,已完成
PO-2025-00578,2025-07-11,苏州新材料科技,原材料,钢材,184,77.96,14344.64,西北,陈静,已完成
PO-2025-00579,2025-07-29,西安包装材料,包装材料,纸箱,33,158.3,5223.9,华北,王芳,处理中
PO-2025-00580,2025-04-08,深圳精密机械制造,机械零件,螺栓,322,47.53,15304.66,华东,赵磊,已完成
PO-2025-00581,2025-08-19,西安包装材料,包装材料,缠绕膜,65,134.33,8731.45,华东,李华,处理中
PO-2025-00582,2025-01-25,成都电气元件,电子元器件,连接器,311,220.18,68475.98,华南,周婷,已完成
PO-2025-00583,2025-03-30,杭州精密五金,机械零件,联轴器,439,128.63,56468.57,西南,王芳,已完成
PO-2025-00584,2025-07-16,西安包装材料,包装材料,泡沫,63,70.88,4465.44,西南,杨洋,已完成
PO-2025-00585,2025-06-25,武汉工具设备,工具耗材,测量尺,478,140.04,66939.12,华南,陈静,已完成
PO-2025-00586,2025-10-08,北京信达办公,办公用品,笔,422,27.91,11778.02,华北,陈静,处理中
PO-2025-00587,2025-11-16,广州包装制品,包装材料,珍珠棉,387,159.31,61652.97,西北,刘强,已完成
PO-2025-00588,2025-11-29,西安包装材料,包装材料,缠绕膜,361,63.65,22977.65,西北,王芳,已取消
PO-2025-00589,2025-10-15,上海自动化设备,电子元器件,继电器,287,133.37,38277.19,华中,李华,处理中
PO-2025-00590,2025-10-01,成都电气元件,电子元器件,继电器,302,217.14,65576.28,西北,赵磊,已完成
PO-2025-00591,2025-01-28,北京信达办公,办公用品,笔,423,6.74,2851.02,华东,张明,已完成
PO-2025-00592,2025-12-16,重庆办公用品,办公用品,A4纸,112,52.5,5880.0,东北,王芳,已取消
PO-2025-00593,2025-10-05,北京信达办公,办公用品,文件夹,439,15.39,6756.21,东北,陈静,已完成
PO-2025-00594,2025-10-15,长沙恒达电子科技,电子元器件,集成电路,426,93.26,39728.76,西南,刘强,处理中
PO-2025-00595,2025-01-25,武汉工具设备,工具耗材,螺丝刀,271,157.94,42801.74,东北,陈静,已完成
PO-2025-00596,2025-01-28,武汉工具设备,工具耗材,焊锡丝,223,191.56,42717.88,西北,杨洋,已取消
PO-2025-00597,2025-11-21,长沙恒达电子科技,电子元器件,连接器,138,44.6,6154.8,东北,周婷,处理中
PO-2025-00598,2025-04-10,西安包装材料,包装材料,珍珠棉,341,67.5,23017.5,西南,刘强,处理中
PO-2025-00599,2025-09-21,北京信达办公,办公用品,笔,100,177.1,17710.0,华东,王芳,已取消
PO-2025-00600,2025-10-27,深圳精密机械制造,机械零件,联轴器,30,97.41,2922.3,西南,陈静,已完成
PO-2025-00601,2025-06-15,北京信达办公,办公用品,A4纸,179,86.34,15454.86,华南,张明,已完成
PO-2025-00602,2025-10-21,南京化工材料,原材料,钢材,406,209.23,84947.38,西南,陈静,已完成
PO-2025-00603,2025-09-24,杭州精密五金,机械零件,螺栓,47,170.52,8014.44,华中,刘强,已取消
PO-2025-00604,2025-04-24,深圳精密机械制造,机械零件,导轨,91,94.72,8619.52,西南,赵磊,已完成
PO-2025-00605,2025-11-13,苏州新材料科技,原材料,硅胶,179,73.04,13074.16,华中,刘强,已取消
PO-2025-00606,2025-06-27,杭州精密五金,机械零件,联轴器,297,178.87,53124.39,西北,张明,已完成
PO-2025-00607,2025-12-16,成都电气元件,电子元器件,电容器,473,149.78,70845.94,西南,刘强,已取消
PO-2025-00608,2025-05-25,广州包装制品,包装材料,标签纸,478,136.22,65113.16,华东,赵磊,已完成
PO-2025-00609,2025-06-01,长沙恒达电子科技,电子元器件,继电器,430,155.25,66757.5,西南,周婷,已完成
PO-2025-00610,2025-10-03,重庆办公用品,办公用品,文件夹,174,96.79,16841.46,华东,王芳,已取消
PO-2025-00611,2025-08-06,杭州精密五金,机械零件,轴承,330,19.19,6332.7,西北,刘强,待审批
PO-2025-00612,2025-02-06,深圳精密机械制造,机械零件,齿轮,285,183.27,52231.95,西北,赵磊,已完成
PO-2025-00613,2025-02-07,西安包装材料,包装材料,珍珠棉,88,8.48,746.24,西北,杨洋,已完成
PO-2025-00614,2025-07-28,长沙恒达电子科技,电子元器件,电容器,416,54.12,22513.92,华东,刘强,待审批
PO-2025-00615,2025-03-02,武汉工具设备,工具耗材,焊锡丝,332,83.87,27844.84,华中,张明,已完成
PO-2025-00616,2025-02-07,杭州精密五金,机械零件,轴承,338,157.09,53096.42,华东,张明,处理中
PO-2025-00617,2025-05-25,广州包装制品,包装材料,封箱胶带,64,52.29,3346.56,西北,陈静,已完成
PO-2025-00618,2025-04-23,成都电气元件,电子元器件,传感器,212,190.11,40303.32,华东,周婷,已完成
PO-2025-00619,2025-03-15,上海自动化设备,电子元器件,连接器,210,152.35,31993.5,东北,陈静,已取消
PO-2025-00620,2025-01-06,北京信达办公,办公用品,订书机,464,164.94,76532.16,东北,杨洋,已取消
PO-2025-00621,2025-02-13,杭州精密五金,机械零件,导轨,82,31.35,2570.7,华东,赵磊,已完成
PO-2025-00622,2025-11-27,北京信达办公,办公用品,文件夹,393,134.62,52905.66,西北,杨洋,已完成
PO-2025-00623,2025-04-03,杭州精密五金,机械零件,齿轮,92,44.15,4061.8,西南,陈静,已完成
PO-2025-00624,2025-02-07,重庆办公用品,办公用品,笔记本,446,14.36,6404.56,东北,周婷,已完成
PO-2025-00625,2025-07-02,北京信达办公,办公用品,订书机,44,48.5,2134.0,华南,周婷,已取消
PO-2025-00626,2025-06-12,上海自动化设备,电子元器件,连接器,345,48.2,16629.0,华中,李华,待审批
PO-2025-00627,2025-07-06,成都电气元件,电子元器件,传感器,178,143.96,25624.88,华中,王芳,已完成
PO-2025-00628,2025-11-25,广州包装制品,包装材料,标签纸,96,5.05,484.8,华南,刘强,处理中
PO-2025-00629,2025-08-25,武汉工具设备,工具耗材,电钻头,440,75.1,33044.0,西北,杨洋,待审批
PO-2025-00630,2025-11-07,成都电气元件,电子元器件,集成电路,406,74.25,30145.5,西南,李华,已完成
PO-2025-00631,2025-11-17,深圳精密机械制造,机械零件,螺栓,449,182.77,82063.73,西南,刘强,已完成
PO-2025-00632,2025-10-24,深圳精密机械制造,机械零件,弹簧,48,196.86,9449.28,东北,张明,处理中
PO-2025-00633,2025-10-04,武汉工具设备,工具耗材,测量尺,118,181.73,21444.14,西南,陈静,已完成
PO-2025-00634,2025-10-29,成都电气元件,电子元器件,连接器,406,39.08,15866.48,华北,刘强,待审批
PO-2025-00635,2025-09-15,西安包装材料,包装材料,缠绕膜,78,84.14,6562.92,西南,李华,已完成
PO-2025-00636,2025-03-13,长沙恒达电子科技,电子元器件,连接器,132,170.36,22487.52,东北,王芳,处理中
PO-2025-00637,2025-09-05,成都电气元件,电子元器件,电容器,101,132.76,13408.76,西南,王芳,处理中
PO-2025-00638,2025-04-30,广州包装制品,包装材料,纸箱,122,130.46,15916.12,华南,李华,已完成
PO-2025-00639,2025-08-21,长沙恒达电子科技,电子元器件,连接器,115,105.99,12188.85,东北,杨洋,已完成
PO-2025-00640,2025-05-15,长沙恒达电子科技,电子元器件,电阻器,342,68.19,23320.98,西北,陈静,处理中
PO-2025-00641,2025-12-01,南京化工材料,原材料,橡胶,301,43.57,13114.57,西北,赵磊,已完成
PO-2025-00642,2025-06-26,深圳精密机械制造,机械零件,导轨,138,86.22,11898.36,华南,赵磊,已完成
PO-2025-00643,2025-04-28,成都电气元件,电子元器件,传感器,464,141.24,65535.36,西南,王芳,已完成
PO-2025-00644,2025-11-05,深圳精密机械制造,机械零件,导轨,339,65.73,22282.47,华南,王芳,已完成
PO-2025-00645,2025-09-04,西安包装材料,包装材料,纸箱,348,43.93,15287.64,东北,杨洋,处理中
PO-2025-00646,2025-01-23,重庆办公用品,办公用品,笔,255,42.4,10812.0,华南,赵磊,已完成
PO-2025-00647,2025-03-17,上海自动化设备,电子元器件,继电器,313,34.6,10829.8,西北,张明,待审批
PO-2025-00648,2025-10-16,长沙恒达电子科技,电子元器件,电容器,142,184.88,26252.96,西南,赵磊,已完成
PO-2025-00649,2025-04-21,重庆办公用品,办公用品,A4纸,459,133.69,61363.71,西北,陈静,待审批
PO-2025-00650,2025-11-04,成都电气元件,电子元器件,继电器,251,200.24,50260.24,华南,刘强,处理中
PO-2025-00651,2025-12-18,上海自动化设备,电子元器件,继电器,430,146.93,63179.9,西南,陈静,已完成
PO-2025-00652,2025-02-25,广州包装制品,包装材料,标签纸,315,102.14,32174.1,华南,赵磊,已完成
PO-2025-00653,2025-11-07,长沙恒达电子科技,电子元器件,电容器,277,172.62,47815.74,西南,赵磊,处理中
PO-2025-00654,2025-09-30,深圳精密机械制造,机械零件,齿轮,253,198.89,50319.17,西南,张明,待审批
PO-2025-00655,2025-12-14,杭州精密五金,机械零件,轴承,57,106.96,6096.72,华南,张明,待审批
PO-2025-00656,2025-08-08,重庆办公用品,办公用品,笔,277,80.07,22179.39,东北,张明,已完成
PO-2025-00657,2025-05-11,苏州新材料科技,原材料,塑料颗粒,414,162.64,67332.96,华中,李华,已完成
PO-2025-00658,2025-01-03,成都电气元件,电子元器件,电容器,475,198.39,94235.25,华中,赵磊,已完成
PO-2025-00659,2025-07-12,西安包装材料,包装材料,珍珠棉,414,5.62,2326.68,西南,李华,已完成
PO-2025-00660,2025-08-07,重庆办公用品,办公用品,文件夹,362,148.89,53898.18,华北,杨洋,已完成
PO-2025-00661,2025-11-10,重庆办公用品,办公用品,笔记本,139,51.48,7155.72,西南,赵磊,已完成
PO-2025-00662,2025-10-14,北京信达办公,办公用品,订书机,213,137.0,29181.0,华北,周婷,已完成
PO-2025-00663,2025-07-23,杭州精密五金,机械零件,联轴器,139,213.58,29687.62,西南,杨洋,处理中
PO-2025-00664,2025-12-25,西安包装材料,包装材料,泡沫,447,152.63,68225.61,华东,刘强,已完成
PO-2025-00665,2025-11-11,上海自动化设备,电子元器件,电阻器,119,98.92,11771.48,东北,杨洋,处理中
PO-2025-00666,2025-03-16,西安包装材料,包装材料,珍珠棉,371,13.33,4945.43,华北,张明,处理中
PO-2025-00667,2025-11-08,成都电气元件,电子元器件,继电器,232,25.52,5920.64,华中,刘强,已完成
PO-2025-00668,2025-11-02,长沙恒达电子科技,电子元器件,连接器,206,186.48,38414.88,华北,陈静,处理中
PO-2025-00669,2025-09-23,长沙恒达电子科技,电子元器件,电容器,337,101.4,34171.8,华东,刘强,待审批
PO-2025-00670,2025-12-12,北京信达办公,办公用品,文件夹,27,142.08,3836.16,西南,刘强,已完成
PO-2025-00671,2025-07-24,长沙恒达电子科技,电子元器件,集成电路,132,132.73,17520.36,华南,李华,已取消
PO-2025-00672,2025-02-05,广州包装制品,包装材料,珍珠棉,212,71.45,15147.4,华南,张明,处理中
PO-2025-00673,2025-05-22,深圳精密机械制造,机械零件,导轨,155,161.26,24995.3,西南,杨洋,已完成
PO-2025-00674,2025-07-28,苏州新材料科技,原材料,橡胶,109,98.36,10721.24,华北,张明,已完成
PO-2025-00675,2025-09-20,杭州精密五金,机械零件,轴承,296,20.64,6109.44,华中,杨洋,待审批
PO-2025-00676,2025-10-16,北京信达办公,办公用品,笔记本,426,143.74,61233.24,华中,周婷,已取消
PO-2025-00677,2025-10-28,成都电气元件,电子元器件,电容器,397,81.92,32522.24,东北,周婷,已完成
PO-2025-00678,2025-04-28,长沙恒达电子科技,电子元器件,传感器,69,55.27,3813.63,华北,刘强,已完成
PO-2025-00679,2025-05-15,广州包装制品,包装材料,标签纸,499,62.78,31327.22,西南,张明,处理中
PO-2025-00680,2025-04-02,苏州新材料科技,原材料,铜线,57,86.93,4955.01,西北,杨洋,已完成
PO-2025-00681,2025-12-16,成都电气元件,电子元器件,集成电路,191,54.76,10459.16,西南,陈静,已完成
PO-2025-00682,2025-04-16,苏州新材料科技,原材料,塑料颗粒,387,46.13,17852.31,西北,刘强,待审批
PO-2025-00683,2025-02-24,苏州新材料科技,原材料,铝材,437,56.38,24638.06,西南,杨洋,已完成
PO-2025-00684,2025-10-05,深圳精密机械制造,机械零件,轴承,356,210.51,74941.56,华北,张明,处理中
PO-2025-00685,2025-09-19,长沙恒达电子科技,电子元器件,传感器,200,126.03,25206.0,华北,陈静,已完成
PO-2025-00686,2025-08-05,北京信达办公,办公用品,笔,123,136.15,16746.45,华南,张明,已完成
PO-2025-00687,2025-03-03,成都电气元件,电子元器件,继电器,26,118.43,3079.18,华北,王芳,已完成
PO-2025-00688,2025-07-14,西安包装材料,包装材料,封箱胶带,245,58.57,14349.65,华东,张明,已完成
PO-2025-00689,2025-05-15,南京化工材料,原材料,钢材,176,84.57,14884.32,东北,陈静,已完成
PO-2025-00690,2025-08-06,苏州新材料科技,原材料,铜线,251,201.51,50579.01,华中,杨洋,已完成
PO-2025-00691,2025-04-03,苏州新材料科技,原材料,塑料颗粒,368,159.26,58607.68,华中,赵磊,已完成
PO-2025-00692,2025-05-01,南京化工材料,原材料,铝材,304,155.43,47250.72,东北,李华,处理中
PO-2025-00693,2025-01-05,杭州精密五金,机械零件,联轴器,448,85.61,38353.28,华南,王芳,已完成
PO-2025-00694,2025-06-03,上海自动化设备,电子元器件,传感器,265,29.66,7859.9,东北,杨洋,处理中
PO-2025-00695,2025-01-31,北京信达办公,办公用品,笔记本,449,104.15,46763.35,华北,李华,已完成
PO-2025-00696,2025-05-14,苏州新材料科技,原材料,铜线,253,177.03,44788.59,华东,周婷,处理中
PO-2025-00697,2025-07-30,广州包装制品,包装材料,缠绕膜,296,96.65,28608.4,东北,陈静,已完成
PO-2025-00698,2025-11-29,深圳精密机械制造,机械零件,螺栓,454,151.27,68676.58,西南,刘强,已完成
PO-2025-00699,2025-09-19,重庆办公用品,办公用品,笔记本,99,180.3,17849.7,华中,杨洋,已完成
PO-2025-00700,2025-03-16,成都电气元件,电子元器件,连接器,238,205.25,48849.5,华北,陈静,已完成
PO-2025-00701,2025-02-06,上海自动化设备,电子元器件,连接器,423,176.77,74773.71,华北,赵磊,处理中
PO-2025-00702,2025-11-06,深圳精密机械制造,机械零件,齿轮,185,54.45,10073.25,华中,陈静,处理中
PO-2025-00703,2025-09-24,重庆办公用品,办公用品,笔,148,163.85,24249.8,东北,杨洋,处理中
PO-2025-00704,2025-12-05,成都电气元件,电子元器件,传感器,95,46.99,4464.05,华东,王芳,处理中
PO-2025-00705,2025-02-18,北京信达办公,办公用品,订书机,368,136.08,50077.44,华南,王芳,已完成
PO-2025-00706,2025-02-12,深圳精密机械制造,机械零件,联轴器,290,17.05,4944.5,东北,赵磊,已完成
PO-2025-00707,2025-05-07,深圳精密机械制造,机械零件,螺栓,326,38.81,12652.06,西北,赵磊,已完成
PO-2025-00708,2025-12-06,西安包装材料,包装材料,缠绕膜,236,111.9,26408.4,华南,王芳,已完成
PO-2025-00709,2025-03-11,广州包装制品,包装材料,缠绕膜,452,83.17,37592.84,东北,陈静,已完成
PO-2025-00710,2025-11-24,西安包装材料,包装材料,封箱胶带,100,105.79,10579.0,华北,赵磊,已完成
PO-2025-00711,2025-08-15,杭州精密五金,机械零件,螺栓,475,78.51,37292.25,西南,刘强,处理中
PO-2025-00712,2025-03-11,北京信达办公,办公用品,墨盒,221,50.1,11072.1,华中,张明,已完成
PO-2025-00713,2025-09-02,广州包装制品,包装材料,缠绕膜,250,92.94,23235.0,西北,周婷,待审批
PO-2025-00714,2025-10-08,北京信达办公,办公用品,A4纸,402,80.04,32176.08,华中,刘强,处理中
PO-2025-00715,2025-11-27,广州包装制品,包装材料,泡沫,220,150.47,33103.4,华北,赵磊,已完成
PO-2025-00716,2025-11-10,武汉工具设备,工具耗材,焊锡丝,122,56.28,6866.16,华北,刘强,已完成
PO-2025-00717,2025-02-05,西安包装材料,包装材料,珍珠棉,149,53.25,7934.25,西北,陈静,已完成
PO-2025-00718,2025-11-15,上海自动化设备,电子元器件,电容器,158,25.19,3980.02,华北,周婷,已完成
PO-2025-00719,2025-02-22,成都电气元件,电子元器件,电容器,174,10.1,1757.4,华东,张明,已完成
PO-2025-00720,2025-03-19,北京信达办公,办公用品,墨盒,74,130.02,9621.48,西北,张明,已完成
PO-2025-00721,2025-08-26,长沙恒达电子科技,电子元器件,传感器,121,71.67,8672.07,华中,周婷,已取消
PO-2025-00722,2025-07-20,西安包装材料,包装材料,纸箱,179,18.17,3252.43,东北,王芳,已完成
PO-2025-00723,2025-01-07,深圳精密机械制造,机械零件,导轨,250,44.45,11112.5,东北,陈静,处理中
PO-2025-00724,2025-01-18,深圳精密机械制造,机械零件,弹簧,137,88.04,12061.48,华北,刘强,处理中
PO-2025-00725,2025-12-15,苏州新材料科技,原材料,塑料颗粒,386,163.11,62960.46,西南,刘强,已完成
PO-2025-00726,2025-11-23,北京信达办公,办公用品,墨盒,91,114.92,10457.72,华东,李华,已完成
PO-2025-00727,2025-05-01,北京信达办公,办公用品,文件夹,194,160.26,31090.44,东北,刘强,已取消
PO-2025-00728,2025-07-22,重庆办公用品,办公用品,笔,176,7.3,1284.8,东北,陈静,已完成
PO-2025-00729,2025-03-21,苏州新材料科技,原材料,钢材,31,124.23,3851.13,西北,周婷,已完成
PO-2025-00730,2025-11-17,广州包装制品,包装材料,纸箱,137,30.39,4163.43,华东,杨洋,待审批
PO-2025-00731,2025-04-30,长沙恒达电子科技,电子元器件,电阻器,192,130.69,25092.48,西北,李华,已完成
PO-2025-00732,2025-01-11,广州包装制品,包装材料,封箱胶带,413,111.1,45884.3,华中,周婷,处理中
PO-2025-00733,2025-08-13,西安包装材料,包装材料,标签纸,193,128.71,24841.03,华中,张明,已完成
PO-2025-00734,2025-06-15,杭州精密五金,机械零件,螺栓,287,152.2,43681.4,华南,王芳,已完成
PO-2025-00735,2025-03-21,西安包装材料,包装材料,标签纸,150,153.29,22993.5,西南,王芳,已完成
PO-2025-00736,2025-11-23,成都电气元件,电子元器件,集成电路,429,64.81,27803.49,华中,周婷,已完成
PO-2025-00737,2025-05-03,杭州精密五金,机械零件,联轴器,385,44.47,17120.95,华东,杨洋,处理中
PO-2025-00738,2025-12-16,广州包装制品,包装材料,珍珠棉,42,113.36,4761.12,西南,赵磊,已完成
PO-2025-00739,2025-02-26,成都电气元件,电子元器件,继电器,88,143.22,12603.36,华中,赵磊,已完成
PO-2025-00740,2025-01-17,深圳精密机械制造,机械零件,导轨,347,19.8,6870.6,,王芳,已完成
PO-2025-00741,2025-09-27,苏州新材料科技,原材料,钢材,258,44.48,11475.84,华东,赵磊,已完成
PO-2025-00742,2025-02-06,南京化工材料,原材料,硅胶,312,61.5,19188.0,华中,刘强,已完成
PO-2025-00743,2025-11-24,长沙恒达电子科技,电子元器件,电容器,345,100.82,34782.9,东北,李华,已完成
PO-2025-00744,2025-01-30,长沙恒达电子科技,电子元器件,集成电路,295,149.98,44244.1,华北,杨洋,处理中
PO-2025-00745,2025-04-21,南京化工材料,原材料,铜线,280,14.48,4054.4,华东,陈静,已完成
PO-2025-00746,2025-09-27,杭州精密五金,机械零件,轴承,61,158.12,9645.32,西南,赵磊,已完成
PO-2025-00747,2025-11-23,重庆办公用品,办公用品,文件夹,301,116.78,35150.78,华南,赵磊,处理中
PO-2025-00748,2025-03-27,南京化工材料,原材料,铜线,355,105.78,37551.9,西北,赵磊,待审批
PO-2025-00749,2025-11-04,上海自动化设备,电子元器件,继电器,215,98.24,21121.6,西北,王芳,已完成
PO-2025-00750,2025-11-21,成都电气元件,电子元器件,集成电路,472,76.42,36070.24,华中,杨洋,已完成
PO-2025-00751,2025-10-09,武汉工具设备,工具耗材,切割片,175,123.64,21637.0,西南,刘强,已完成
PO-2025-00752,2025-01-18,西安包装材料,包装材料,缠绕膜,194,169.42,32867.48,华北,赵磊,已完成
PO-2025-00753,2025-04-24,北京信达办公,办公用品,笔记本,18,95.34,1716.12,华中,张明,已完成
PO-2025-00754,2025-09-19,苏州新材料科技,原材料,铜线,21,163.22,3427.62,西北,陈静,待审批
PO-2025-00755,2025-03-21,杭州精密五金,机械零件,导轨,484,125.78,60877.52,华东,张明,已完成
PO-2025-00756,2025-06-03,上海自动化设备,电子元器件,集成电路,197,169.55,33401.35,华南,刘强,已完成
PO-2025-00757,2025-09-05,深圳精密机械制造,机械零件,导轨,214,127.56,27297.84,华南,李华,处理中
PO-2025-00758,2025-06-03,上海自动化设备,电子元器件,传感器,432,171.29,73997.28,西北,李华,已完成
PO-2025-00759,2025-06-21,长沙恒达电子科技,电子元器件,连接器,423,117.38,49651.74,华东,张明,待审批
PO-2025-00760,2025-11-05,广州包装制品,包装材料,标签纸,223,158.44,35332.12,华东,刘强,处理中
PO-2025-00761,2025-06-13,长沙恒达电子科技,电子元器件,连接器,408,128.28,52338.24,华东,陈静,已完成
PO-2025-00762,2025-12-11,杭州精密五金,机械零件,导轨,86,74.23,6383.78,西北,刘强,已完成
PO-2025-00763,2025-05-29,西安包装材料,包装材料,标签纸,238,133.59,31794.42,西南,李华,已完成
PO-2025-00764,2025-05-15,武汉工具设备,工具耗材,螺丝刀,77,70.55,5432.35,华北,张明,已完成
PO-2025-00765,2025-09-04,深圳精密机械制造,机械零件,联轴器,266,98.7,26254.2,西北,王芳,处理中
PO-2025-00766,2025-09-26,杭州精密五金,机械零件,齿轮,259,88.65,22960.35,西南,刘强,已完成
PO-2025-00767,2025-10-22,苏州新材料科技,原材料,铝材,46,59.77,2749.42,华北,杨洋,已完成
PO-2025-00768,2025-06-26,深圳精密机械制造,机械零件,轴承,353,94.21,33256.13,华中,杨洋,已完成
PO-2025-00769,2025-08-15,南京化工材料,原材料,硅胶,22,173.7,3821.4,华南,杨洋,已完成
PO-2025-00770,2025-07-11,南京化工材料,原材料,铝材,235,15.4,3619.0,东北,刘强,已完成
PO-2025-00771,2025-11-14,上海自动化设备,电子元器件,连接器,446,20.65,9209.9,西北,张明,已完成
PO-2025-00772,2025-08-30,上海自动化设备,电子元器件,集成电路,17,68.34,1161.78,东北,李华,已完成
PO-2025-00773,2025-05-13,长沙恒达电子科技,电子元器件,集成电路,117,149.3,17468.1,华南,刘强,已完成
PO-2025-00774,2025-12-06,杭州精密五金,机械零件,联轴器,328,159.12,52191.36,华南,张明,已完成
PO-2025-00775,2025-11-13,杭州精密五金,机械零件,轴承,140,41.27,5777.8,华中,刘强,处理中
PO-2025-00776,2025-05-19,北京信达办公,办公用品,A4纸,248,119.41,29613.68,华东,李华,已完成
PO-2025-00777,2025-11-29,重庆办公用品,办公用品,订书机,194,159.65,30972.1,华东,陈静,待审批
PO-2025-00778,2025-09-06,武汉工具设备,工具耗材,螺丝刀,204,104.17,21250.68,西北,李华,待审批
PO-2025-00779,2025-12-31,南京化工材料,原材料,橡胶,55,46.31,2547.05,西南,周婷,已完成
PO-2025-00780,2025-03-22,长沙恒达电子科技,电子元器件,电阻器,136,184.84,25138.24,华中,杨洋,已完成
PO-2025-00781,2025-09-14,长沙恒达电子科技,电子元器件,集成电路,360,73.62,26503.2,西北,陈静,已完成
PO-2025-00782,2025-05-24,北京信达办公,办公用品,A4纸,330,49.72,16407.6,华北,张明,待审批
PO-2025-00783,2025-07-15,苏州新材料科技,原材料,铝材,184,188.95,34766.8,西北,王芳,已完成
PO-2025-00784,2025-10-21,杭州精密五金,机械零件,弹簧,323,189.19,61108.37,西北,刘强,已完成
PO-2025-00785,2025-04-16,上海自动化设备,电子元器件,传感器,169,173.28,29284.32,华中,周婷,已完成
PO-2025-00786,2025-06-08,重庆办公用品,办公用品,文件夹,307,101.72,31228.04,东北,刘强,待审批
PO-2025-00787,2025-03-16,西安包装材料,包装材料,珍珠棉,470,94.29,44316.3,华南,赵磊,已取消
PO-2025-00788,2025-03-16,重庆办公用品,办公用品,笔记本,479,32.95,15783.05,华东,李华,已完成
PO-2025-00789,2025-11-23,西安包装材料,包装材料,纸箱,401,59.09,23695.09,华北,赵磊,已完成
PO-2025-00790,2025-11-10,西安包装材料,包装材料,缠绕膜,87,138.09,12013.83,华东,王芳,已完成
PO-2025-00791,2025-01-14,南京化工材料,原材料,铜线,320,129.44,41420.8,华南,刘强,已完成
PO-2025-00792,2025-07-11,广州包装制品,包装材料,纸箱,362,133.51,48330.62,华南,周婷,处理中
PO-2025-00793,2025-07-29,上海自动化设备,电子元器件,传感器,261,92.53,24150.33,华南,刘强,已完成
PO-2025-00794,2025-02-03,长沙恒达电子科技,电子元器件,集成电路,496,85.54,42427.84,西北,刘强,处理中
PO-2025-00795,2025-05-07,上海自动化设备,电子元器件,传感器,453,119.06,53934.18,西北,杨洋,待审批
PO-2025-00796,2025-07-21,武汉工具设备,工具耗材,焊锡丝,407,13.16,5356.12,西北,赵磊,处理中
PO-2025-00797,2025-08-20,南京化工材料,原材料,硅胶,302,135.29,40857.58,西南,张明,已完成
PO-2025-00798,2025-01-21,成都电气元件,电子元器件,电阻器,459,229.07,105143.13,西南,赵磊,已取消
PO-2025-00799,2025-07-23,杭州精密五金,机械零件,联轴器,274,166.54,45631.96,华东,刘强,已完成
PO-2025-00800,2025-03-14,北京信达办公,办公用品,墨盒,246,33.72,8295.12,华中,张明,已完成
PO-2025-00801,2025-10-27,成都电气元件,电子元器件,连接器,241,26.03,6273.23,西南,李华,已完成
PO-2025-00802,2025-08-21,西安包装材料,包装材料,封箱胶带,79,71.85,5676.15,华中,周婷,已完成
PO-2025-00803,2025-12-21,南京化工材料,原材料,硅胶,468,49.7,23259.6,华北,李华,已完成
PO-2025-00804,2025-12-28,重庆办公用品,办公用品,订书机,417,34.02,14186.34,西北,李华,已完成
PO-2025-00805,2025-09-19,成都电气元件,电子元器件,连接器,195,24.88,4851.6,西北,赵磊,处理中
PO-2025-00806,2025-10-17,南京化工材料,原材料,铝材,203,125.8,25537.4,华东,王芳,待审批
PO-2025-00807,2025-06-08,重庆办公用品,办公用品,文件夹,93,160.47,14923.71,华南,张明,已完成
PO-2025-00808,2025-01-02,西安包装材料,包装材料,标签纸,157,111.9,17568.3,华东,王芳,已取消
PO-2025-00809,2025-01-03,南京化工材料,原材料,铜线,16,105.77,1692.32,东北,周婷,已完成
PO-2025-00810,2025-08-15,南京化工材料,原材料,塑料颗粒,131,52.97,6939.07,西北,周婷,已完成
PO-2025-00811,2025-10-13,深圳精密机械制造,机械零件,导轨,317,6.91,2190.47,西南,陈静,已完成
PO-2025-00812,2025-01-17,苏州新材料科技,原材料,钢材,104,35.61,3703.44,西北,杨洋,已完成
PO-2025-00813,2025-08-02,重庆办公用品,办公用品,笔记本,439,112.83,49532.37,华中,李华,已完成
PO-2025-00814,2025-10-24,上海自动化设备,电子元器件,电容器,354,57.43,20330.22,西北,王芳,已取消
PO-2025-00815,2025-02-04,广州包装制品,包装材料,纸箱,57,131.63,7502.91,华中,杨洋,待审批
PO-2025-00816,2025-05-21,武汉工具设备,工具耗材,测量尺,43,62.1,2670.3,华南,李华,已完成
PO-2025-00817,2025-02-25,广州包装制品,包装材料,封箱胶带,221,91.21,20157.41,西北,刘强,已完成
PO-2025-00818,2025-11-06,南京化工材料,原材料,硅胶,332,121.12,40211.84,华东,周婷,处理中
PO-2025-00819,2025-11-16,西安包装材料,包装材料,缠绕膜,228,108.88,24824.64,华中,陈静,已完成
PO-2025-00820,2025-04-03,广州包装制品,包装材料,泡沫,324,97.51,31593.24,西南,周婷,已完成
PO-2025-00821,2025-08-27,南京化工材料,原材料,铝材,372,69.04,25682.88,华南,张明,已完成
PO-2025-00822,2025-06-20,重庆办公用品,办公用品,A4纸,387,156.74,60658.38,东北,赵磊,已完成
PO-2025-00823,2025-05-11,广州包装制品,包装材料,封箱胶带,422,109.92,46386.24,华东,刘强,已完成
PO-2025-00824,2025-06-20,深圳精密机械制造,机械零件,螺栓,163,114.18,18611.34,华中,张明,已完成
PO-2025-00825,2025-06-23,广州包装制品,包装材料,标签纸,380,98.55,37449.0,华东,王芳,已完成
PO-2025-00826,2025-11-18,重庆办公用品,办公用品,笔,479,89.73,42980.67,华东,王芳,已完成
PO-2025-00827,2025-01-29,成都电气元件,电子元器件,继电器,468,80.9,37861.2,东北,赵磊,待审批
PO-2025-00828,2025-12-17,杭州精密五金,机械零件,螺栓,299,158.08,47265.92,华中,张明,已完成
PO-2025-00829,2025-07-12,广州包装制品,包装材料,缠绕膜,43,164.96,7093.28,华中,张明,已完成
PO-2025-00830,2025-03-01,重庆办公用品,办公用品,笔记本,441,34.37,15157.17,西南,赵磊,已完成
PO-2025-00831,2025-09-12,北京信达办公,办公用品,订书机,449,59.69,26800.81,华东,陈静,已完成
PO-2025-00832,2025-03-31,苏州新材料科技,原材料,铜线,241,175.08,42194.28,华中,刘强,已完成
PO-2025-00833,2025-01-13,深圳精密机械制造,机械零件,螺栓,411,13.52,5556.72,华南,李华,已完成
PO-2025-00834,2025-03-15,成都电气元件,电子元器件,继电器,88,48.4,4259.2,华北,陈静,处理中
PO-2025-00835,2025-09-25,深圳精密机械制造,机械零件,导轨,356,218.44,77764.64,华南,张明,已完成
PO-2025-00836,2025-01-24,深圳精密机械制造,机械零件,轴承,169,205.49,34727.81,西北,李华,已完成
PO-2025-00837,2025-06-09,深圳精密机械制造,机械零件,导轨,402,146.85,59033.7,华中,张明,已完成
PO-2025-00838,2025-08-14,重庆办公用品,办公用品,文件夹,174,40.58,7060.92,华中,陈静,已完成
PO-2025-00839,2025-11-15,重庆办公用品,办公用品,A4纸,149,31.39,4677.11,华中,李华,已完成
PO-2025-00840,2025-12-27,杭州精密五金,机械零件,导轨,62,48.91,3032.42,华中,杨洋,已完成
PO-2025-00841,2025-01-26,北京信达办公,办公用品,笔记本,135,34.56,4665.6,华中,杨洋,已完成
PO-2025-00842,2025-02-14,上海自动化设备,电子元器件,电阻器,251,172.08,43192.08,华东,李华,已完成
PO-2025-00843,2025-06-09,武汉工具设备,工具耗材,焊锡丝,101,142.41,14383.41,西南,周婷,已完成
PO-2025-00844,2025-08-27,广州包装制品,包装材料,泡沫,375,129.96,48735.0,东北,李华,已取消
PO-2025-00845,2025-06-08,南京化工材料,原材料,铝材,57,183.13,10438.41,西北,周婷,已完成
PO-2025-00846,2025-03-15,重庆办公用品,办公用品,订书机,373,142.11,53007.03,华北,刘强,待审批
PO-2025-00847,2025-06-16,南京化工材料,原材料,铜线,477,84.98,40535.46,华南,杨洋,处理中
PO-2025-00848,2025-03-29,成都电气元件,电子元器件,传感器,25,20.41,510.25,华东,杨洋,已完成
PO-2025-00849,2025-02-24,北京信达办公,办公用品,墨盒,319,105.36,33609.84,西南,李华,已完成
PO-2025-00850,2025-07-31,广州包装制品,包装材料,封箱胶带,342,16.01,5475.42,华中,周婷,已完成
PO-2025-00851,2025-04-17,苏州新材料科技,原材料,橡胶,134,117.44,15736.96,华北,赵磊,已完成
PO-2025-00852,2025-05-01,西安包装材料,包装材料,封箱胶带,230,138.99,31967.7,华北,杨洋,已完成
PO-2025-00853,2025-11-02,上海自动化设备,电子元器件,连接器,352,19.18,6751.36,西北,周婷,已完成
PO-2025-00854,2025-07-27,成都电气元件,电子元器件,集成电路,294,27.65,8129.1,华北,王芳,已完成
PO-2025-00855,2025-11-27,深圳精密机械制造,机械零件,导轨,65,152.54,9915.1,西南,赵磊,已完成
PO-2025-00856,2025-12-05,重庆办公用品,办公用品,A4纸,56,43.64,2443.84,华南,张明,处理中
PO-2025-00857,2025-12-15,上海自动化设备,电子元器件,传感器,282,58.75,16567.5,西南,周婷,已完成
PO-2025-00858,2025-08-11,广州包装制品,包装材料,缠绕膜,301,135.91,40908.91,西北,陈静,待审批
PO-2025-00859,2025-05-31,西安包装材料,包装材料,缠绕膜,55,104.4,5742.0,西南,赵磊,处理中
PO-2025-00860,2025-07-03,长沙恒达电子科技,电子元器件,集成电路,471,112.03,52766.13,华东,张明,处理中
PO-2025-00861,2025-12-31,深圳精密机械制造,机械零件,螺栓,453,12.19,5522.07,华北,赵磊,已完成
PO-2025-00862,2025-04-07,武汉工具设备,工具耗材,焊锡丝,205,89.86,18421.3,华南,王芳,已完成
PO-2025-00863,2025-12-10,杭州精密五金,机械零件,联轴器,441,200.1,88244.1,东北,赵磊,已完成
PO-2025-00864,2025-09-07,上海自动化设备,电子元器件,电容器,15,18.04,270.6,华东,王芳,处理中
PO-2025-00865,2025-12-23,重庆办公用品,办公用品,笔,79,19.79,1563.41,西北,赵磊,待审批
PO-2025-00866,2025-08-19,南京化工材料,原材料,塑料颗粒,329,44.87,14762.23,西南,赵磊,已完成
PO-2025-00867,2025-05-02,武汉工具设备,工具耗材,电钻头,125,41.23,5153.75,西南,张明,已完成
PO-2025-00868,2025-01-20,西安包装材料,包装材料,封箱胶带,147,74.9,11010.3,西南,杨洋,已完成
PO-2025-00869,2025-02-10,南京化工材料,原材料,塑料颗粒,370,86.1,31857.0,西南,周婷,已取消
PO-2025-00870,2025-02-10,上海自动化设备,电子元器件,连接器,384,102.27,39271.68,东北,陈静,已完成
PO-2025-00871,2025-10-04,杭州精密五金,机械零件,导轨,55,57.05,3137.75,西北,李华,已完成
PO-2025-00872,2025-09-20,南京化工材料,原材料,铜线,323,17.13,5532.99,华中,张明,已完成
PO-2025-00873,2025-01-19,成都电气元件,电子元器件,继电器,385,80.09,30834.65,华中,陈静,已完成
PO-2025-00874,2025-08-31,西安包装材料,包装材料,封箱胶带,393,56.58,22235.94,东北,陈静,已完成
PO-2025-00875,2025-02-12,南京化工材料,原材料,铝材,303,16.87,5111.61,华中,张明,已完成
PO-2025-00876,2025-05-24,上海自动化设备,电子元器件,继电器,49,162.48,7961.52,华中,陈静,已完成
PO-2025-00877,2025-03-19,北京信达办公,办公用品,墨盒,17,134.62,2288.54,西南,王芳,待审批
PO-2025-00878,2025-09-28,重庆办公用品,办公用品,笔,199,149.53,29756.47,华中,刘强,已完成
PO-2025-00879,2025-07-31,长沙恒达电子科技,电子元器件,集成电路,53,193.63,10262.39,西南,王芳,处理中
PO-2025-00880,2025-06-26,武汉工具设备,工具耗材,螺丝刀,348,90.84,31612.32,西北,王芳,已完成
PO-2025-00881,2025-07-24,长沙恒达电子科技,电子元器件,连接器,145,152.32,22086.4,华东,张明,已完成
PO-2025-00882,2025-12-28,成都电气元件,电子元器件,集成电路,253,173.07,43786.71,东北,刘强,已完成
PO-2025-00883,2025-08-18,武汉工具设备,工具耗材,焊锡丝,144,33.3,4795.2,东北,赵磊,已完成
PO-2025-00884,2025-09-30,武汉工具设备,工具耗材,切割片,171,192.54,32924.34,西北,张明,已完成
PO-2025-00885,2025-05-17,重庆办公用品,办公用品,墨盒,499,156.06,77873.94,西南,陈静,已完成
PO-2025-00886,2025-10-29,深圳精密机械制造,机械零件,螺栓,345,130.81,45129.45,华北,刘强,处理中
PO-2025-00887,2025-12-11,苏州新材料科技,原材料,橡胶,182,144.01,26209.82,华南,杨洋,已完成
PO-2025-00888,2025-06-29,长沙恒达电子科技,电子元器件,电阻器,16,85.19,1363.04,西南,李华,已完成
PO-2025-00889,2025-01-30,苏州新材料科技,原材料,硅胶,155,56.83,8808.65,华东,张明,已完成
PO-2025-00890,2025-03-03,南京化工材料,原材料,硅胶,467,188.06,87824.02,西南,李华,处理中
PO-2025-00891,2025-12-23,深圳精密机械制造,机械零件,导轨,76,86.14,6546.64,东北,王芳,待审批
PO-2025-00892,2025-05-22,上海自动化设备,电子元器件,集成电路,160,91.25,14600.0,华东,周婷,待审批
PO-2025-00893,2025-02-07,武汉工具设备,工具耗材,切割片,472,135.18,63804.96,东北,杨洋,已完成
PO-2025-00894,2025-05-16,北京信达办公,办公用品,A4纸,205,72.7,14903.5,华东,陈静,已取消
PO-2025-00895,2025-09-09,上海自动化设备,电子元器件,传感器,45,95.84,4312.8,华南,赵磊,已完成
PO-2025-00896,2025-05-13,深圳精密机械制造,机械零件,齿轮,286,170.39,48731.54,华南,李华,待审批
PO-2025-00897,2025-01-10,深圳精密机械制造,机械零件,轴承,47,20.6,968.2,西北,陈静,处理中
PO-2025-00898,2025-12-25,成都电气元件,电子元器件,电容器,344,149.35,51376.4,华东,赵磊,已完成
PO-2025-00899,2025-07-26,广州包装制品,包装材料,标签纸,304,4.86,1477.44,西北,周婷,已完成
PO-2025-00900,2025-10-02,西安包装材料,包装材料,纸箱,286,43.16,12343.76,华北,周婷,已完成
PO-2025-00901,2025-06-24,广州包装制品,包装材料,缠绕膜,359,54.44,19543.96,华东,李华,已完成
PO-2025-00902,2025-01-21,深圳精密机械制造,机械零件,联轴器,399,169.92,67798.08,西北,刘强,已完成
PO-2025-00903,2025-07-03,武汉工具设备,工具耗材,切割片,107,63.28,6770.96,华北,李华,已完成
PO-2025-00904,2025-04-09,成都电气元件,电子元器件,电阻器,463,147.65,68361.95,西北,刘强,已完成
PO-2025-00905,2025-11-26,长沙恒达电子科技,电子元器件,连接器,313,51.5,16119.5,华北,李华,处理中
PO-2025-00906,2025-01-09,北京信达办公,办公用品,笔,283,173.85,49199.55,东北,周婷,已取消
PO-2025-00907,2025-04-19,长沙恒达电子科技,电子元器件,集成电路,38,70.86,2692.68,西北,张明,已完成
PO-2025-00908,2025-04-30,重庆办公用品,办公用品,订书机,277,86.83,24051.91,西北,王芳,处理中
PO-2025-00909,2025-11-13,深圳精密机械制造,机械零件,轴承,386,35.87,13845.82,西北,张明,已完成
PO-2025-00910,2025-06-07,长沙恒达电子科技,电子元器件,电容器,369,131.51,48527.19,华东,王芳,已完成
PO-2025-00911,2025-02-24,深圳精密机械制造,机械零件,联轴器,322,42.11,13559.42,西南,李华,处理中
PO-2025-00912,2025-08-07,深圳精密机械制造,机械零件,联轴器,314,176.92,55552.88,华南,李华,处理中
PO-2025-00913,2025-04-20,广州包装制品,包装材料,珍珠棉,357,70.88,25304.16,华东,王芳,已完成
PO-2025-00914,2025-08-01,长沙恒达电子科技,电子元器件,继电器,98,70.42,6901.16,华东,陈静,已完成
PO-2025-00915,2025-01-21,上海自动化设备,电子元器件,连接器,199,107.27,21346.73,华北,刘强,待审批
PO-2025-00916,2025-01-09,上海自动化设备,电子元器件,电阻器,415,161.72,67113.8,西南,赵磊,处理中
PO-2025-00917,2025-09-01,成都电气元件,电子元器件,电阻器,13,7.37,95.81,华东,陈静,已完成
PO-2025-00918,2025-03-31,西安包装材料,包装材料,泡沫,115,28.95,3329.25,华中,周婷,已完成
PO-2025-00919,2025-02-15,南京化工材料,原材料,硅胶,29,135.83,3939.07,西北,周婷,已完成
PO-2025-00920,2025-09-29,重庆办公用品,办公用品,墨盒,188,79.73,14989.24,西南,刘强,已完成
PO-2025-00921,2025-11-17,深圳精密机械制造,机械零件,导轨,195,190.56,37159.2,西南,刘强,已完成
PO-2025-00922,2025-08-31,重庆办公用品,办公用品,文件夹,151,14.12,2132.12,华东,王芳,已完成
PO-2025-00923,2025-05-26,成都电气元件,电子元器件,电容器,91,156.03,14198.73,华东,张明,已完成
PO-2025-00924,2025-01-27,苏州新材料科技,原材料,塑料颗粒,138,73.7,10170.6,东北,周婷,已完成
PO-2025-00925,2025-05-01,杭州精密五金,机械零件,齿轮,90,170.82,15373.8,华北,李华,已完成
PO-2025-00926,2025-06-16,西安包装材料,包装材料,标签纸,313,103.89,32517.57,华北,刘强,处理中
PO-2025-00927,2025-07-12,苏州新材料科技,原材料,钢材,176,51.89,9132.64,华南,赵磊,待审批
PO-2025-00928,2025-11-09,苏州新材料科技,原材料,钢材,251,125.05,31387.55,华东,赵磊,已完成
PO-2025-00929,2025-05-19,成都电气元件,电子元器件,电容器,208,89.5,18616.0,华北,刘强,已完成
PO-2025-00930,2025-02-26,苏州新材料科技,原材料,铜线,75,11.82,886.5,西南,张明,已完成
PO-2025-00931,2025-11-06,成都电气元件,电子元器件,传感器,224,44.14,9887.36,华中,刘强,待审批
PO-2025-00932,2025-09-25,上海自动化设备,电子元器件,连接器,497,118.04,58665.88,华南,刘强,已完成
PO-2025-00933,2025-08-08,成都电气元件,电子元器件,电容器,312,111.93,34922.16,华北,陈静,已完成
PO-2025-00934,2025-10-30,西安包装材料,包装材料,泡沫,136,60.56,8236.16,西南,刘强,待审批
PO-2025-00935,2025-09-16,上海自动化设备,电子元器件,继电器,469,5.69,2668.61,华东,张明,已取消
PO-2025-00936,2025-05-04,长沙恒达电子科技,电子元器件,传感器,281,81.89,23011.09,东北,李华,已完成
PO-2025-00937,2025-03-09,深圳精密机械制造,机械零件,导轨,395,8.16,3223.2,西北,赵磊,待审批
PO-2025-00938,2025-06-06,广州包装制品,包装材料,缠绕膜,132,111.6,14731.2,华东,张明,已完成
PO-2025-00939,2025-08-26,上海自动化设备,电子元器件,连接器,245,163.68,40101.6,西北,张明,已取消
PO-2025-00940,2025-12-27,上海自动化设备,电子元器件,连接器,217,39.01,8465.17,东北,杨洋,已完成
PO-2025-00941,2025-06-01,重庆办公用品,办公用品,A4纸,450,117.14,52713.0,华北,杨洋,已完成
PO-2025-00942,2025-02-11,武汉工具设备,工具耗材,电钻头,367,189.49,69542.83,西南,刘强,处理中
PO-2025-00943,2025-02-26,南京化工材料,原材料,铜线,386,209.2,80751.2,西南,杨洋,待审批
PO-2025-00944,2025-10-14,武汉工具设备,工具耗材,电钻头,248,125.73,31181.04,华中,杨洋,已完成
PO-2025-00945,2025-05-03,西安包装材料,包装材料,纸箱,297,126.12,37457.64,华南,王芳,已取消
PO-2025-00946,2025-04-26,杭州精密五金,机械零件,轴承,342,106.17,36310.14,东北,刘强,处理中
PO-2025-00947,2025-02-02,广州包装制品,包装材料,缠绕膜,469,48.56,22774.64,西北,赵磊,已完成
PO-2025-00948,2025-09-30,广州包装制品,包装材料,缠绕膜,241,84.84,20446.44,西南,李华,已完成
PO-2025-00949,2025-12-21,重庆办公用品,办公用品,笔记本,470,57.03,26804.1,西南,杨洋,处理中
PO-2025-00950,2025-04-02,深圳精密机械制造,机械零件,齿轮,466,195.11,90921.26,华东,李华,已完成
PO-2025-00951,2025-04-15,北京信达办公,办公用品,A4纸,65,33.42,2172.3,华东,王芳,已完成
PO-2025-00952,2025-08-04,杭州精密五金,机械零件,弹簧,21,67.14,1409.94,西北,王芳,已完成
PO-2025-00953,2025-04-29,成都电气元件,电子元器件,连接器,340,10.57,3593.8,华南,李华,已完成
PO-2025-00954,2025-12-07,杭州精密五金,机械零件,弹簧,181,92.1,16670.1,华中,杨洋,已完成
PO-2025-00955,2025-06-06,西安包装材料,包装材料,封箱胶带,441,98.52,43447.32,华北,陈静,已完成
PO-2025-00956,2025-05-26,上海自动化设备,电子元器件,集成电路,126,94.46,11901.96,华中,张明,已完成
PO-2025-00957,2025-03-31,成都电气元件,电子元器件,电容器,326,212.99,69434.74,西北,陈静,已完成
PO-2025-00958,2025-01-22,西安包装材料,包装材料,珍珠棉,473,118.75,56168.75,华南,王芳,已完成
PO-2025-00959,2025-12-29,广州包装制品,包装材料,封箱胶带,74,77.33,5722.42,华中,王芳,已完成
PO-2025-00960,2025-03-25,长沙恒达电子科技,电子元器件,连接器,172,195.71,33662.12,华南,杨洋,已完成
PO-2025-00961,2025-08-23,杭州精密五金,机械零件,螺栓,72,199.24,14345.28,华北,周婷,处理中
PO-2025-00962,2025-06-01,广州包装制品,包装材料,泡沫,12,165.05,1980.6,西南,杨洋,已完成
PO-2025-00963,2025-08-15,成都电气元件,电子元器件,集成电路,493,174.87,86210.91,西南,王芳,处理中
PO-2025-00964,2025-03-01,广州包装制品,包装材料,珍珠棉,67,125.52,8409.84,华东,王芳,已完成
PO-2025-00965,2025-06-17,北京信达办公,办公用品,A4纸,215,112.88,24269.2,华南,周婷,已完成
PO-2025-00966,2025-05-23,长沙恒达电子科技,电子元器件,继电器,338,43.05,14550.9,西南,刘强,处理中
PO-2025-00967,2025-07-21,苏州新材料科技,原材料,钢材,52,115.49,6005.48,华北,李华,已取消
PO-2025-00968,2025-07-04,苏州新材料科技,原材料,塑料颗粒,172,128.75,22145.0,西南,张明,待审批
PO-2025-00969,2025-05-26,武汉工具设备,工具耗材,螺丝刀,376,171.49,64480.24,华中,赵磊,已完成
PO-2025-00970,2025-08-16,广州包装制品,包装材料,缠绕膜,167,166.27,27767.09,东北,李华,已完成
PO-2025-00971,2025-08-01,西安包装材料,包装材料,标签纸,421,80.33,33818.93,华南,赵磊,处理中
PO-2025-00972,2025-09-26,上海自动化设备,电子元器件,继电器,316,20.7,6541.2,华南,陈静,已完成
PO-2025-00973,2025-07-29,广州包装制品,包装材料,纸箱,487,163.39,79570.93,东北,赵磊,已完成
PO-2025-00974,2025-07-15,重庆办公用品,办公用品,墨盒,222,35.98,7987.56,华北,王芳,已完成
PO-2025-00975,2025-06-05,北京信达办公,办公用品,笔记本,261,11.91,3108.51,东北,陈静,处理中
PO-2025-00976,2025-06-03,成都电气元件,电子元器件,继电器,388,109.68,42555.84,华东,张明,已完成
PO-2025-00977,2025-09-09,重庆办公用品,办公用品,订书机,251,26.88,6746.88,西北,陈静,已完成
PO-2025-00978,2025-02-04,西安包装材料,包装材料,珍珠棉,135,9.28,1252.8,东北,陈静,已完成
PO-2025-00979,2025-11-18,南京化工材料,原材料,硅胶,195,132.5,25837.5,西南,赵磊,待审批
PO-2025-00980,2025-03-25,重庆办公用品,办公用品,笔,365,151.4,55261.0,华中,张明,处理中
PO-2025-00981,2025-01-28,南京化工材料,原材料,钢材,84,75.42,6335.28,西北,王芳,已完成
PO-2025-00982,2025-09-29,北京信达办公,办公用品,墨盒,224,116.16,26019.84,华中,张明,已完成
PO-2025-00983,2025-11-03,重庆办公用品,办公用品,A4纸,273,39.37,10748.01,西北,王芳,处理中
PO-2025-00984,2025-12-24,上海自动化设备,电子元器件,继电器,175,166.37,29114.75,东北,陈静,已完成
PO-2025-00985,2025-09-23,西安包装材料,包装材料,缠绕膜,59,96.11,5670.49,华中,王芳,已完成
PO-2025-00986,2025-03-21,北京信达办公,办公用品,墨盒,408,89.6,36556.8,华中,王芳,已完成
PO-2025-00987,2025-02-09,杭州精密五金,机械零件,齿轮,435,45.08,19609.8,西南,李华,已完成
PO-2025-00988,2025-03-13,深圳精密机械制造,机械零件,齿轮,482,9.23,4448.86,华中,陈静,已完成
PO-2025-00989,2025-01-15,成都电气元件,电子元器件,继电器,277,176.98,49023.46,华中,王芳,处理中
PO-2025-00990,2025-06-07,西安包装材料,包装材料,纸箱,123,26.49,3258.27,西北,王芳,已完成
PO-2025-00991,2025-09-05,上海自动化设备,电子元器件,电容器,76,186.5,14174.0,华北,李华,已完成
PO-2025-00992,2025-05-10,武汉工具设备,工具耗材,扳手,110,26.02,2862.2,东北,张明,已完成
PO-2025-00993,2025-11-05,长沙恒达电子科技,电子元器件,电阻器,164,135.18,22169.52,东北,李华,处理中
PO-2025-00994,2025-03-16,苏州新材料科技,原材料,橡胶,471,46.21,21764.91,西北,杨洋,已完成
PO-2025-00995,2025-11-10,西安包装材料,包装材料,缠绕膜,495,103.89,51425.55,华中,王芳,待审批
PO-2025-00996,2025-04-09,苏州新材料科技,原材料,橡胶,301,19.24,5791.24,东北,张明,已完成
PO-2025-00997,2025-09-16,北京信达办公,办公用品,文件夹,471,136.83,64446.93,华东,李华,待审批
PO-2025-00998,2025-02-24,西安包装材料,包装材料,标签纸,197,124.2,24467.4,华南,周婷,已完成
PO-2025-00999,2025-06-10,上海自动化设备,电子元器件,集成电路,204,83.31,16995.24,西南,刘强,已完成
PO-2025-01000,2025-10-13,深圳精密机械制造,机械零件,联轴器,66,116.98,7720.68,华北,杨洋,处理中
